,c_netneh,transition,population,cdf
annees_2010_2014,,1,357851,0.518750190263
annees_2010_2014,,2,518157,0.751133970106
annees_2010_2014,,0,639526,0.927073654058
annees_2010_2014,,3,684806,0.992712729023
annees_2010_2014,,4,689632,0.999708625131
annees_2010_2014,TAT1,0,689650,0.999734718403
annees_2010_2014,TAR1,0,689665,0.999756462796
annees_2010_2014,TAT1,1,689679,0.999776757563
annees_2010_2014,TMP1,0,689690,0.999792703451
annees_2010_2014,TAJ1,1,689698,0.999804300461
annees_2010_2014,TAR1,1,689705,0.999814447845
annees_2010_2014,TAJ1,0,689712,0.999824595228
annees_2010_2014,TAJ1,2,689718,0.999833292985
annees_2010_2014,TMP1,1,689724,0.999841990743
annees_2010_2014,TTT1,1,689728,0.999847789248
annees_2010_2014,TTH1,0,689732,0.999853587752
annees_2010_2014,TAR3,1,689735,0.999857936631
annees_2010_2014,TNJ1,1,689738,0.99986228551
annees_2010_2014,TAJ1,3,689741,0.999866634388
annees_2010_2014,3256,2,689744,0.999870983267
annees_2010_2014,3001,2,689747,0.999875332146
annees_2010_2014,TTT2,1,689750,0.999879681024
annees_2010_2014,TTH1,2,689753,0.999884029903
annees_2010_2014,TTG1,0,689756,0.999888378782
annees_2010_2014,TON2,1,689758,0.999891278034
annees_2010_2014,TMH1,2,689760,0.999894177286
annees_2010_2014,TTT2,0,689762,0.999897076539
annees_2010_2014,TAJ2,0,689764,0.999899975791
annees_2010_2014,TAR2,0,689766,0.999902875044
annees_2010_2014,TTT1,0,689768,0.999905774296
annees_2010_2014,2432,1,689770,0.999908673549
annees_2010_2014,TTH1,3,689772,0.999911572801
annees_2010_2014,TMB1,0,689774,0.999914472053
annees_2010_2014,TON1,1,689776,0.999917371306
annees_2010_2014,TMB1,1,689778,0.999920270558
annees_2010_2014,TAJ2,1,689780,0.999923169811
annees_2010_2014,TAJ2,2,689782,0.999926069063
annees_2010_2014,TNJ1,0,689784,0.999928968316
annees_2010_2014,2432,3,689786,0.999931867568
annees_2010_2014,1326,2,689787,0.999933317194
annees_2010_2014,2611,2,689788,0.99993476682
annees_2010_2014,2641,2,689789,0.999936216447
annees_2010_2014,2661,0,689790,0.999937666073
annees_2010_2014,2753,1,689791,0.999939115699
annees_2010_2014,TAJ1,4,689792,0.999940565325
annees_2010_2014,3256,1,689793,0.999942014951
annees_2010_2014,1423,2,689794,0.999943464578
annees_2010_2014,2611,1,689795,0.999944914204
annees_2010_2014,3002,1,689796,0.99994636383
annees_2010_2014,4437,0,689797,0.999947813456
annees_2010_2014,4207,1,689798,0.999949263083
annees_2010_2014,2459,1,689799,0.999950712709
annees_2010_2014,2452,1,689800,0.999952162335
annees_2010_2014,3001,1,689801,0.999953611961
annees_2010_2014,TTT3,3,689802,0.999955061587
annees_2010_2014,TAJ2,3,689803,0.999956511214
annees_2010_2014,TOF1,3,689804,0.99995796084
annees_2010_2014,TTT3,0,689805,0.999959410466
annees_2010_2014,TTT1,2,689806,0.999960860092
annees_2010_2014,TTM2,0,689807,0.999962309718
annees_2010_2014,TTM1,0,689808,0.999963759345
annees_2010_2014,TTH3,0,689809,0.999965208971
annees_2010_2014,TTH2,0,689810,0.999966658597
annees_2010_2014,TTH1,1,689811,0.999968108223
annees_2010_2014,TTA2,2,689812,0.99996955785
annees_2010_2014,TTA1,1,689813,0.999971007476
annees_2010_2014,TTA1,0,689814,0.999972457102
annees_2010_2014,TRL2,3,689815,0.999973906728
annees_2010_2014,TOK1,2,689816,0.999975356354
annees_2010_2014,TOJ1,0,689817,0.999976805981
annees_2010_2014,TNN1,0,689818,0.999978255607
annees_2010_2014,TAJ3,2,689819,0.999979705233
annees_2010_2014,TNJ2,3,689820,0.999981154859
annees_2010_2014,TNJ2,1,689821,0.999982604485
annees_2010_2014,TMP2,0,689822,0.999984054112
annees_2010_2014,TMP1,2,689823,0.999985503738
annees_2010_2014,TMH2,2,689824,0.999986953364
annees_2010_2014,TCJ2,0,689825,0.99998840299
annees_2010_2014,TCG3,3,689826,0.999989852617
annees_2010_2014,TCG3,2,689827,0.999991302243
annees_2010_2014,TCG1,3,689828,0.999992751869
annees_2010_2014,TTT3,2,689829,0.999994201495
annees_2010_2014,TAT1,2,689830,0.999995651121
annees_2010_2014,TAR3,0,689831,0.999997100748
annees_2010_2014,TAR1,4,689832,0.999998550374
annees_2010_2014,TCF1,2,689833,1.0
annees_2010_2014_purgees,TAT1,0,18,0.163636363636
annees_2010_2014_purgees,TAR1,0,33,0.3
annees_2010_2014_purgees,TMP1,0,44,0.4
annees_2010_2014_purgees,TAJ1,0,51,0.463636363636
annees_2010_2014_purgees,TTH1,0,55,0.5
annees_2010_2014_purgees,TAR1,1,59,0.536363636364
annees_2010_2014_purgees,TTG1,0,62,0.563636363636
annees_2010_2014_purgees,TAT1,1,65,0.590909090909
annees_2010_2014_purgees,TTT1,1,68,0.618181818182
annees_2010_2014_purgees,TNJ1,0,70,0.636363636364
annees_2010_2014_purgees,TAR2,0,72,0.654545454545
annees_2010_2014_purgees,TAJ2,0,74,0.672727272727
annees_2010_2014_purgees,TNJ1,1,76,0.690909090909
annees_2010_2014_purgees,TAJ1,3,78,0.709090909091
annees_2010_2014_purgees,TAJ1,1,80,0.727272727273
annees_2010_2014_purgees,TTT1,0,82,0.745454545455
annees_2010_2014_purgees,TTT2,0,84,0.763636363636
annees_2010_2014_purgees,TTT2,1,86,0.781818181818
annees_2010_2014_purgees,TMB1,0,88,0.8
annees_2010_2014_purgees,TCJ2,0,89,0.809090909091
annees_2010_2014_purgees,TAJ1,2,90,0.818181818182
annees_2010_2014_purgees,4437,0,91,0.827272727273
annees_2010_2014_purgees,3001,2,92,0.836363636364
annees_2010_2014_purgees,TAR3,0,93,0.845454545455
annees_2010_2014_purgees,3001,1,94,0.854545454545
annees_2010_2014_purgees,TTT3,3,95,0.863636363636
annees_2010_2014_purgees,TMP2,0,96,0.872727272727
annees_2010_2014_purgees,TTT3,0,97,0.881818181818
annees_2010_2014_purgees,TNJ2,3,98,0.890909090909
annees_2010_2014_purgees,TNN1,0,99,0.9
annees_2010_2014_purgees,TOF1,3,100,0.909090909091
annees_2010_2014_purgees,TOJ1,0,101,0.918181818182
annees_2010_2014_purgees,TTA1,0,102,0.927272727273
annees_2010_2014_purgees,TTA1,1,103,0.936363636364
annees_2010_2014_purgees,TTH1,1,104,0.945454545455
annees_2010_2014_purgees,TTH1,3,105,0.954545454545
annees_2010_2014_purgees,TTH2,0,106,0.963636363636
annees_2010_2014_purgees,TTH3,0,107,0.972727272727
annees_2010_2014_purgees,TTM1,0,108,0.981818181818
annees_2010_2014_purgees,TTM2,0,109,0.990909090909
annees_2010_2014_purgees,2661,0,110,1.0
annees_2011_2014,,0,121407,0.175994769749
annees_2011_2014,,1,204879,0.296997969074
annees_2011_2014,TTH1,0,244755,0.354803263978
annees_2011_2014,3001,0,279409,0.405038610794
annees_2011_2014,TAJ1,0,298722,0.433035241863
annees_2011_2014,2432,0,314845,0.456407565309
annees_2011_2014,3256,0,329098,0.477069087736
annees_2011_2014,,2,341021,0.494352981084
annees_2011_2014,TTH1,1,351694,0.509824841665
annees_2011_2014,TTH2,1,361735,0.524380538478
annees_2011_2014,TAJ2,0,371502,0.538539037709
annees_2011_2014,3001,1,380726,0.551910389906
annees_2011_2014,TAJ1,1,389073,0.564010419913
annees_2011_2014,TAJ2,1,396752,0.57514209961
annees_2011_2014,TNJ1,0,403986,0.585628695641
annees_2011_2014,2432,1,411111,0.595957282415
annees_2011_2014,TTH3,0,418154,0.606166999839
annees_2011_2014,1423,0,424525,0.615402568448
annees_2011_2014,TTH1,2,430654,0.624287327513
annees_2011_2014,TTH3,1,436746,0.633118450408
annees_2011_2014,4304,0,442696,0.64174372638
annees_2011_2014,TAT1,0,448129,0.6496195456
annees_2011_2014,TRS3,1,453348,0.65718514481
annees_2011_2014,TTH2,0,458357,0.664446322516
annees_2011_2014,2753,0,463005,0.671184185158
annees_2011_2014,TTM1,0,467254,0.677343646941
annees_2011_2014,TMH2,0,471023,0.682807288141
annees_2011_2014,TTA1,1,474718,0.688163657001
annees_2011_2014,TAR1,1,478368,0.693454792682
annees_2011_2014,TAR1,0,482002,0.698722734343
annees_2011_2014,TMD1,0,485599,0.703937039834
annees_2011_2014,TTA2,0,489063,0.708958545039
annees_2011_2014,TTA1,0,492472,0.713900320802
annees_2011_2014,3002,0,495504,0.718295587483
annees_2011_2014,3256,1,498474,0.722600977338
annees_2011_2014,TTT3,0,501367,0.726794745975
annees_2011_2014,TAJ1,2,504214,0.730921831806
annees_2011_2014,4437,0,506968,0.734914102399
annees_2011_2014,TOJ1,0,509700,0.738874481215
annees_2011_2014,TTG2,0,512366,0.742739184701
annees_2011_2014,TMD1,1,515028,0.746598089683
annees_2011_2014,3121,0,517673,0.750432351018
annees_2011_2014,TAJ3,0,520310,0.754255015344
annees_2011_2014,TOJ1,1,522884,0.757986353219
annees_2011_2014,TRS2,1,525372,0.761593023239
annees_2011_2014,TNJ1,1,527858,0.765196794007
annees_2011_2014,TAT1,1,530304,0.768742579726
annees_2011_2014,1326,0,532700,0.772215884134
annees_2011_2014,3001,2,535011,0.775565970315
annees_2011_2014,TMH1,1,537319,0.778911707616
annees_2011_2014,4207,0,539616,0.782241499029
annees_2011_2014,2801,1,541856,0.785488661749
annees_2011_2014,TAJ2,2,544041,0.788656095026
annees_2011_2014,,3,546182,0.79175974475
annees_2011_2014,TAJ3,1,548249,0.794756122134
annees_2011_2014,TTM1,1,550189,0.797568396989
annees_2011_2014,TTT2,0,552129,0.800380671844
annees_2011_2014,TCJ1,0,554066,0.80318859782
annees_2011_2014,TTH2,2,555962,0.805937089122
annees_2011_2014,TMP1,0,557771,0.808559462942
annees_2011_2014,TRS3,2,559554,0.811144146482
annees_2011_2014,3005,0,561314,0.813695488618
annees_2011_2014,1423,1,563023,0.816172899818
annees_2011_2014,TAR1,2,564709,0.818616969614
annees_2011_2014,TTG1,1,566392,0.821056690532
annees_2011_2014,2440,1,568005,0.823394937615
annees_2011_2014,TAR3,0,569612,0.825724486941
annees_2011_2014,TTA2,1,571217,0.828051137014
annees_2011_2014,2430,1,572810,0.830360391573
annees_2011_2014,TTH4,0,574398,0.832662398001
annees_2011_2014,TPG3,0,575955,0.834919466016
annees_2011_2014,TTT2,1,577495,0.837151890385
annees_2011_2014,3008,0,578968,0.839287189798
annees_2011_2014,4304,1,580432,0.841409442575
annees_2011_2014,2335,0,581889,0.843521547969
annees_2011_2014,TNJ2,0,583309,0.845580017193
annees_2011_2014,TNN1,0,584698,0.847593548004
annees_2011_2014,TAT2,0,586085,0.849604179562
annees_2011_2014,TTG1,0,587445,0.851575671213
annees_2011_2014,2432,2,588801,0.853541364359
annees_2011_2014,TMH1,0,590152,0.855499809374
annees_2011_2014,6012,0,591456,0.857390121957
annees_2011_2014,2611,1,592746,0.859260139773
annees_2011_2014,TRS2,2,593991,0.861064924409
annees_2011_2014,3121,1,595197,0.862813173623
annees_2011_2014,TRS4,1,596363,0.864503437789
annees_2011_2014,TTH3,2,597526,0.866189353075
annees_2011_2014,TCJ2,0,598685,0.867869469857
annees_2011_2014,TPG2,1,599834,0.869535090377
annees_2011_2014,TMA1,0,600947,0.871148524353
annees_2011_2014,TNJ1,2,601996,0.872669182251
annees_2011_2014,TOK1,0,603040,0.874182592019
annees_2011_2014,3256,2,604084,0.875696001786
annees_2011_2014,TMA1,1,605108,0.877180419029
annees_2011_2014,TAR2,1,606108,0.878630045243
annees_2011_2014,TNJ2,1,607095,0.880060826316
annees_2011_2014,4437,1,608075,0.881481460006
annees_2011_2014,TCJ1,1,609054,0.882900644069
annees_2011_2014,2460,1,609997,0.884267641589
annees_2011_2014,TMP1,1,610937,0.88563029023
annees_2011_2014,2334,1,611873,0.886987140366
annees_2011_2014,TPG2,0,612781,0.888303400968
annees_2011_2014,TPG1,1,613675,0.889599366803
annees_2011_2014,2611,0,614563,0.890886634881
annees_2011_2014,TSE1,0,615449,0.892171003707
annees_2011_2014,TNN1,1,616326,0.893442325896
annees_2011_2014,TOK1,1,617168,0.894662911168
annees_2011_2014,TTA3,0,617983,0.895844356533
annees_2011_2014,TCF1,2,618769,0.896983762737
annees_2011_2014,TTM2,0,619547,0.898111571931
annees_2011_2014,TSE1,1,620312,0.899220535985
annees_2011_2014,TOJ1,2,621058,0.90030195714
annees_2011_2014,TON1,1,621800,0.901377579791
annees_2011_2014,2334,0,622541,0.902451752816
annees_2011_2014,2719,1,623281,0.903524476214
annees_2011_2014,TTA3,1,624018,0.904592850733
annees_2011_2014,TAR2,0,624733,0.905629333476
annees_2011_2014,TTT1,1,625444,0.906660017714
annees_2011_2014,TAT2,1,626142,0.907671856812
annees_2011_2014,TAJ3,2,626825,0.908661951516
annees_2011_2014,2801,0,627482,0.909614355938
annees_2011_2014,2700,1,628139,0.910566760361
annees_2011_2014,TCF1,1,628788,0.911507567774
annees_2011_2014,4323,0,629428,0.912435328551
annees_2011_2014,2661,1,630064,0.913357290823
annees_2011_2014,1451,0,630693,0.914269105711
annees_2011_2014,TAT1,2,631300,0.915149028823
annees_2011_2014,1326,1,631903,0.91602315343
annees_2011_2014,TTT1,0,632503,0.916892929158
annees_2011_2014,TPG1,0,633097,0.917754007129
annees_2011_2014,TTT3,1,633686,0.918607836969
annees_2011_2014,3005,1,634258,0.919437023164
annees_2011_2014,TTM1,2,634820,0.920251713096
annees_2011_2014,TCP1,0,635371,0.92105045714
annees_2011_2014,TMH2,2,635908,0.921828906416
annees_2011_2014,TOP1,1,636443,0.922604456441
annees_2011_2014,TTA1,2,636974,0.92337420796
annees_2011_2014,4207,1,637503,0.924141060228
annees_2011_2014,TTH4,1,638028,0.92490211399
annees_2011_2014,TMH2,1,638526,0.925624027844
annees_2011_2014,TMD1,2,639021,0.92634159282
annees_2011_2014,2717,1,639509,0.927049010413
annees_2011_2014,TAR3,1,639994,0.927752079126
annees_2011_2014,2458,0,640470,0.928442101204
annees_2011_2014,2459,0,640943,0.929127774403
annees_2011_2014,4115,0,641411,0.929806199471
annees_2011_2014,TCE1,1,641862,0.930459980894
annees_2011_2014,TTH1,3,642308,0.931106514185
annees_2011_2014,TRC1,0,642753,0.93175159785
annees_2011_2014,2753,1,643190,0.932385084506
annees_2011_2014,TMD2,0,643626,0.933017121535
annees_2011_2014,TAR3,2,644059,0.933644809686
annees_2011_2014,TMP1,2,644488,0.934266699332
annees_2011_2014,TMH1,2,644902,0.934866844584
annees_2011_2014,2700,0,645309,0.935456842453
annees_2011_2014,1451,1,645714,0.93604394107
annees_2011_2014,TEQ1,1,646116,0.936626690808
annees_2011_2014,3008,1,646518,0.937209440546
annees_2011_2014,TNN1,2,646913,0.9377820429
annees_2011_2014,TCJ2,1,647304,0.93834884675
annees_2011_2014,TOP1,0,647688,0.938905503216
annees_2011_2014,TRS4,2,648071,0.939460710056
annees_2011_2014,TCB1,0,648451,0.940011568017
annees_2011_2014,TTA4,0,648823,0.940550828969
annees_2011_2014,TMP2,0,649187,0.941078492911
annees_2011_2014,3002,1,649545,0.941597459095
annees_2011_2014,TTG2,1,649899,0.942110626775
annees_2011_2014,TNJ3,1,650240,0.942604949314
annees_2011_2014,TCE1,2,650579,0.9430963726
annees_2011_2014,TTT3,2,650917,0.943586346261
annees_2011_2014,TTH2,3,651252,0.944071971042
annees_2011_2014,TSE1,2,651585,0.944554696571
annees_2011_2014,TCJ1,2,651916,0.945034522848
annees_2011_2014,TNJ2,2,652244,0.945510000246
annees_2011_2014,TAJ1,3,652572,0.945985477645
annees_2011_2014,TMA1,2,652895,0.946453706912
annees_2011_2014,TMM1,0,653209,0.946908889543
annees_2011_2014,2440,0,653517,0.947355374417
annees_2011_2014,TNJ3,0,653824,0.947800409664
annees_2011_2014,1316,0,654130,0.948243995286
annees_2011_2014,TOJ2,0,654436,0.948687580907
annees_2011_2014,TSE2,1,654741,0.949129716902
annees_2011_2014,TAJ2,3,655043,0.949567504019
annees_2011_2014,4304,2,655344,0.950003841509
annees_2011_2014,1423,2,655643,0.950437279747
annees_2011_2014,2459,1,655942,0.950870717985
annees_2011_2014,TOP2,0,656237,0.951298357718
annees_2011_2014,TTT2,2,656531,0.951724547825
annees_2011_2014,2631,1,656825,0.952150737932
annees_2011_2014,TCA1,0,657117,0.952574028787
annees_2011_2014,TAR2,2,657407,0.952994420389
annees_2011_2014,TTA2,2,657696,0.953413362365
annees_2011_2014,TOK1,2,657980,0.953825056209
annees_2011_2014,TCS1,1,658262,0.954233850802
annees_2011_2014,TAU2,0,658544,0.954642645394
annees_2011_2014,2430,0,658825,0.95504999036
annees_2011_2014,2661,0,659103,0.955452986447
annees_2011_2014,TOK2,0,659378,0.955851633656
annees_2011_2014,TON2,1,659653,0.956250280865
annees_2011_2014,3121,2,659927,0.956647478448
annees_2011_2014,TAJ4,0,660200,0.957043226404
annees_2011_2014,2719,0,660467,0.957430276603
annees_2011_2014,TRS1,1,660733,0.957815877176
annees_2011_2014,TPG1,2,660996,0.95819712887
annees_2011_2014,3008,2,661255,0.95857258206
annees_2011_2014,TCG1,1,661514,0.958948035249
annees_2011_2014,TTT1,2,661773,0.959323488439
annees_2011_2014,0340,0,662026,0.959690243871
annees_2011_2014,4324,0,662276,0.960052650424
annees_2011_2014,TOH1,0,662526,0.960415056978
annees_2011_2014,TCS1,2,662769,0.960767316148
annees_2011_2014,TRS3,3,663010,0.961116676065
annees_2011_2014,2801,2,663251,0.961466035983
annees_2011_2014,0430,0,663487,0.961808147769
annees_2011_2014,TRC2,0,663722,0.962148809929
annees_2011_2014,1561,1,663955,0.962486572837
annees_2011_2014,5715,0,664187,0.962822886119
annees_2011_2014,1562,1,664415,0.963153400896
annees_2011_2014,TMP2,1,664635,0.963472318663
annees_2011_2014,TSE2,0,664855,0.96379123643
annees_2011_2014,TAR1,3,665073,0.964107254944
annees_2011_2014,3006,0,665288,0.96441892458
annees_2011_2014,TOJ2,1,665503,0.964730594216
annees_2011_2014,TPG2,2,665715,0.965037914974
annees_2011_2014,2717,0,665926,0.965343786105
annees_2011_2014,TNN2,1,666129,0.965638060226
annees_2011_2014,2458,1,666330,0.965929435095
annees_2011_2014,TTG1,2,666530,0.966219360338
annees_2011_2014,TNN3,0,666729,0.966507835954
annees_2011_2014,TMD2,1,666927,0.966794861945
annees_2011_2014,TCJ2,2,667124,0.967080438309
annees_2011_2014,3005,2,667321,0.967366014673
annees_2011_2014,TAU1,0,667516,0.967648691785
annees_2011_2014,6012,1,667706,0.967924120765
annees_2011_2014,TCG1,0,667896,0.968199549746
annees_2011_2014,2460,0,668078,0.968463381717
annees_2011_2014,TAT2,2,668259,0.968725764062
annees_2011_2014,TSE3,0,668440,0.968988146406
annees_2011_2014,TTG2,2,668620,0.969249079125
annees_2011_2014,2440,2,668799,0.969508562217
annees_2011_2014,TPG3,1,668976,0.969765146057
annees_2011_2014,TPG3,2,669153,0.970021729897
annees_2011_2014,TON1,2,669329,0.970276864111
annees_2011_2014,4115,1,669504,0.970530548698
annees_2011_2014,TOP2,1,669679,0.970784233285
annees_2011_2014,TAT3,0,669852,0.97103501862
annees_2011_2014,2753,2,670025,0.971285803955
annees_2011_2014,TCG1,2,670197,0.971535139664
annees_2011_2014,TCJ3,1,670369,0.971784475373
annees_2011_2014,2257,0,670541,0.972033811082
annees_2011_2014,TEQ2,1,670710,0.972278797912
annees_2011_2014,3002,2,670875,0.972517986237
annees_2011_2014,1412,0,671038,0.97275427531
annees_2011_2014,TOP1,2,671199,0.972987665131
annees_2011_2014,TTA3,2,671358,0.973218155699
annees_2011_2014,TRC1,1,671514,0.973444297388
annees_2011_2014,3001,3,671669,0.973668989451
annees_2011_2014,2452,0,671823,0.973892231888
annees_2011_2014,TTM2,1,671976,0.974114024699
annees_2011_2014,5845,1,672129,0.974335817509
annees_2011_2014,TAU2,1,672279,0.974553261442
annees_2011_2014,TMA2,1,672424,0.974763457243
annees_2011_2014,5715,1,672569,0.974973653044
annees_2011_2014,TCP1,1,672713,0.975182399218
annees_2011_2014,2452,1,672855,0.975388246141
annees_2011_2014,4437,2,672996,0.975592643437
annees_2011_2014,TRL2,0,673135,0.975794141481
annees_2011_2014,TAJ4,1,673271,0.975991290646
annees_2011_2014,TTH3,3,673407,0.976188439811
annees_2011_2014,TMM1,1,673541,0.976382689723
annees_2011_2014,TTA4,1,673674,0.97657549001
annees_2011_2014,TTH4,2,673805,0.976765391044
annees_2011_2014,3128,0,673935,0.976953842452
annees_2011_2014,2650,1,674063,0.977139394607
annees_2011_2014,TCG2,0,674190,0.977323497136
annees_2011_2014,2804,1,674317,0.977507599665
annees_2011_2014,4323,1,674444,0.977691702195
annees_2011_2014,2257,1,674569,0.977872905471
annees_2011_2014,TCJ3,0,674694,0.978054108748
annees_2011_2014,TNJ3,2,674816,0.978230963146
annees_2011_2014,5725,0,674937,0.978406367918
annees_2011_2014,TNN2,0,675058,0.97858177269
annees_2011_2014,2823,1,675178,0.978755727836
annees_2011_2014,2432,3,675298,0.978929682981
annees_2011_2014,2334,2,675417,0.979102188501
annees_2011_2014,TSP2,1,675534,0.979271794768
annees_2011_2014,TTA1,3,675651,0.979441401035
annees_2011_2014,TOH1,1,675765,0.979606658423
annees_2011_2014,TAU1,1,675875,0.979766117307
annees_2011_2014,3003,0,675985,0.97992557619
annees_2011_2014,TOJ1,3,676095,0.980085035074
annees_2011_2014,0342,1,676202,0.980240145079
annees_2011_2014,TRL2,1,676309,0.980395255083
annees_2011_2014,TRL1,1,676415,0.980548915462
annees_2011_2014,1251,1,676520,0.980701126215
annees_2011_2014,1316,1,676624,0.980851887341
annees_2011_2014,2649,1,676727,0.981001198841
annees_2011_2014,TNJ1,3,676830,0.981150510341
annees_2011_2014,2335,1,676931,0.981296922589
annees_2011_2014,TCJ4,0,677027,0.981436086705
annees_2011_2014,TAJ3,3,677122,0.981573801195
annees_2011_2014,0650,1,677217,0.981711515686
annees_2011_2014,1251,0,677310,0.981846330924
annees_2011_2014,TCF1,3,677400,0.981976797283
annees_2011_2014,TOD1,0,677490,0.982107263642
annees_2011_2014,2001,1,677579,0.982236280375
annees_2011_2014,TTG3,0,677667,0.982363847482
annees_2011_2014,4207,2,677755,0.982491414589
annees_2011_2014,2631,0,677842,0.982617532069
annees_2011_2014,TTM2,2,677929,0.98274364955
annees_2011_2014,TSC1,0,678015,0.982868317404
annees_2011_2014,1326,2,678101,0.982992985259
annees_2011_2014,TSC1,1,678186,0.983116203487
annees_2011_2014,2453,1,678270,0.983237972089
annees_2011_2014,2453,0,678354,0.983359740691
annees_2011_2014,TEQ1,2,678438,0.983481509293
annees_2011_2014,TON1,0,678522,0.983603277895
annees_2011_2014,TOT1,1,678603,0.983720697618
annees_2011_2014,TOK2,1,678683,0.983836667715
annees_2011_2014,TMH1,3,678763,0.983952637812
annees_2011_2014,TMD2,2,678842,0.984067158283
annees_2011_2014,TOD1,1,678921,0.984181678754
annees_2011_2014,2319,0,678998,0.984293299973
annees_2011_2014,TMA1,3,679075,0.984404921191
annees_2011_2014,TOJ2,2,679152,0.98451654241
annees_2011_2014,2611,2,679229,0.984628163628
annees_2011_2014,3125,0,679306,0.984739784846
annees_2011_2014,2602,0,679382,0.984849956439
annees_2011_2014,TMA2,2,679458,0.984960128031
annees_2011_2014,2749,0,679532,0.985067400371
annees_2011_2014,2454,0,679606,0.985174672711
annees_2011_2014,0640,0,679679,0.985280495424
annees_2011_2014,TMD1,3,679752,0.985386318138
annees_2011_2014,TCG2,1,679824,0.985490691225
annees_2011_2014,TOD2,0,679896,0.985595064313
annees_2011_2014,TAJ4,2,679967,0.985697987774
annees_2011_2014,3009,0,680038,0.985800911235
annees_2011_2014,1412,1,680109,0.985903834696
annees_2011_2014,TAT1,3,680180,0.986006758157
annees_2011_2014,TMP2,2,680250,0.986108231992
annees_2011_2014,3128,1,680319,0.986208256201
annees_2011_2014,TAD1,1,680387,0.986306830784
annees_2011_2014,2719,2,680454,0.98640395574
annees_2011_2014,2457,0,680521,0.986501080696
annees_2011_2014,2661,2,680588,0.986598205653
annees_2011_2014,3125,1,680654,0.986693880983
annees_2011_2014,TRL1,0,680718,0.98678665706
annees_2011_2014,2430,2,680782,0.986879433138
annees_2011_2014,2665,0,680845,0.98697075959
annees_2011_2014,TPG4,1,680908,0.987062086041
annees_2011_2014,TCE1,3,680971,0.987153412493
annees_2011_2014,TTM1,3,681033,0.987243289318
annees_2011_2014,0342,0,681095,0.987333166143
annees_2011_2014,4116,0,681157,0.987423042968
annees_2011_2014,3003,1,681218,0.987511470167
annees_2011_2014,TPG4,0,681279,0.987599897366
annees_2011_2014,0650,0,681340,0.987688324566
annees_2011_2014,TAU2,2,681401,0.987776751765
annees_2011_2014,TNN3,1,681462,0.987865178964
annees_2011_2014,2822,1,681523,0.987953606163
annees_2011_2014,TAD1,0,681583,0.988040583735
annees_2011_2014,2437,1,681642,0.988126111682
annees_2011_2014,3122,0,681701,0.988211639629
annees_2011_2014,TSP3,0,681760,0.988297167575
annees_2011_2014,TSP3,1,681818,0.988381245896
annees_2011_2014,TPH1,1,681876,0.988465324216
annees_2011_2014,3256,3,681934,0.988549402537
annees_2011_2014,TOH2,0,681992,0.988633480857
annees_2011_2014,2460,2,682050,0.988717559177
annees_2011_2014,TSP2,0,682107,0.988800187872
annees_2011_2014,2454,1,682163,0.98888136694
annees_2011_2014,TMA3,1,682219,0.988962546008
annees_2011_2014,TCA1,1,682275,0.989043725075
annees_2011_2014,TNN1,3,682330,0.989123454517
annees_2011_2014,6012,2,682385,0.989203183959
annees_2011_2014,0430,1,682440,0.989282913401
annees_2011_2014,TMP1,3,682494,0.989361193216
annees_2011_2014,TRS2,3,682548,0.989439473032
annees_2011_2014,2457,1,682601,0.989516303221
annees_2011_2014,TMA2,0,682654,0.989593133411
annees_2011_2014,TSE2,2,682707,0.9896699636
annees_2011_2014,TCG2,2,682759,0.989745344163
annees_2011_2014,TNJ4,0,682811,0.989820724726
annees_2011_2014,TRC3,0,682863,0.989896105289
annees_2011_2014,2700,2,682914,0.989970036226
annees_2011_2014,TPG1,3,682965,0.990043967163
annees_2011_2014,TCB1,1,683015,0.990116448474
annees_2011_2014,TRS4,3,683065,0.990188929784
annees_2011_2014,3006,1,683112,0.990257062217
annees_2011_2014,TCP2,0,683158,0.990323745022
annees_2011_2014,2802,1,683204,0.990390427828
annees_2011_2014,0340,1,683250,0.990457110634
annees_2011_2014,4223,0,683296,0.99052379344
annees_2011_2014,TCM2,0,683342,0.990590476246
annees_2011_2014,TAR2,3,683387,0.990655709425
annees_2011_2014,TTT2,3,683432,0.990720942605
annees_2011_2014,2642,1,683477,0.990786175785
annees_2011_2014,TRC1,2,683522,0.990851408964
annees_2011_2014,2650,0,683567,0.990916642144
annees_2011_2014,5865,1,683612,0.990981875323
annees_2011_2014,TOP2,2,683657,0.991047108503
annees_2011_2014,TPC2,1,683702,0.991112341683
annees_2011_2014,TNJ2,3,683746,0.991176125236
annees_2011_2014,TCJ3,2,683789,0.991238459163
annees_2011_2014,TMM1,2,683832,0.991300793091
annees_2011_2014,2335,2,683874,0.991361677391
annees_2011_2014,5725,1,683915,0.991421112066
annees_2011_2014,TTG1,3,683955,0.991479097115
annees_2011_2014,TCS1,3,683995,0.991537082163
annees_2011_2014,TNN2,2,684035,0.991595067212
annees_2011_2014,6013,0,684075,0.99165305226
annees_2011_2014,2437,0,684115,0.991711037309
annees_2011_2014,2611,3,684155,0.991769022358
annees_2011_2014,TRC2,1,684194,0.99182555778
annees_2011_2014,TTG3,1,684233,0.991882093202
annees_2011_2014,TAT3,1,684272,0.991938628625
annees_2011_2014,TOK2,2,684310,0.991993714421
annees_2011_2014,TPH1,0,684348,0.992048800217
annees_2011_2014,3121,3,684385,0.992102436387
annees_2011_2014,TTT3,3,684422,0.992156072557
annees_2011_2014,TOK1,3,684459,0.992209708727
annees_2011_2014,5855,1,684496,0.992263344897
annees_2011_2014,TOF1,1,684532,0.99231553144
annees_2011_2014,2812,1,684568,0.992367717984
annees_2011_2014,2649,0,684604,0.992419904528
annees_2011_2014,TAU1,2,684639,0.992470641445
annees_2011_2014,TSE1,3,684674,0.992521378363
annees_2011_2014,TRN1,1,684709,0.99257211528
annees_2011_2014,TPC1,1,684744,0.992622852198
annees_2011_2014,2803,1,684779,0.992673589115
annees_2011_2014,TCH1,0,684813,0.992722876406
annees_2011_2014,TCG1,3,684847,0.992772163698
annees_2011_2014,TAR3,3,684881,0.992821450989
annees_2011_2014,1312,1,684914,0.992869288654
annees_2011_2014,TPG2,3,684947,0.992917126319
annees_2011_2014,2455,0,684980,0.992964963984
annees_2011_2014,2717,2,685013,0.993012801649
annees_2011_2014,TTA2,3,685046,0.993060639314
annees_2011_2014,2459,2,685079,0.993108476979
annees_2011_2014,TPC1,0,685111,0.993154865018
annees_2011_2014,2258,0,685143,0.993201253057
annees_2011_2014,TRS2,0,685175,0.993247641096
annees_2011_2014,2724,0,685207,0.993294029135
annees_2011_2014,TPC2,0,685239,0.993340417173
annees_2011_2014,TCP1,2,685271,0.993386805212
annees_2011_2014,2621,0,685302,0.993431743625
annees_2011_2014,TON2,0,685333,0.993476682038
annees_2011_2014,4109,1,685364,0.99352162045
annees_2011_2014,TSE3,1,685395,0.993566558863
annees_2011_2014,TNN3,2,685425,0.993610047649
annees_2011_2014,TOF2,1,685455,0.993653536436
annees_2011_2014,1562,0,685485,0.993697025222
annees_2011_2014,TTT1,3,685515,0.993740514008
annees_2011_2014,TSP2,2,685545,0.993784002795
annees_2011_2014,TTA4,2,685575,0.993827491581
annees_2011_2014,TOD2,1,685605,0.993870980368
annees_2011_2014,TTU1,0,685634,0.993913019528
annees_2011_2014,TCJ1,3,685663,0.993955058688
annees_2011_2014,1451,2,685692,0.993997097848
annees_2011_2014,1312,0,685720,0.994037687382
annees_2011_2014,2821,1,685748,0.994078276916
annees_2011_2014,TNJ4,1,685776,0.99411886645
annees_2011_2014,2455,1,685804,0.994159455984
annees_2011_2014,TCA1,2,685832,0.994200045518
annees_2011_2014,TCG3,0,685860,0.994240635052
annees_2011_2014,4301,0,685888,0.994281224586
annees_2011_2014,TPC3,0,685916,0.99432181412
annees_2011_2014,3122,1,685944,0.994362403654
annees_2011_2014,2657,0,685972,0.994402993188
annees_2011_2014,4324,1,685999,0.994442133096
annees_2011_2014,4348,0,686026,0.994481273004
annees_2011_2014,5845,0,686053,0.994520412912
annees_2011_2014,1316,2,686079,0.994558103193
annees_2011_2014,TOP1,3,686105,0.994595793475
annees_2011_2014,TOH1,2,686131,0.994633483756
annees_2011_2014,TOD1,2,686157,0.994671174038
annees_2011_2014,TCM2,1,686183,0.994708864319
annees_2011_2014,TOT2,1,686208,0.994745104975
annees_2011_2014,TMB1,0,686233,0.99478134563
annees_2011_2014,2649,2,686258,0.994817586285
annees_2011_2014,2661,3,686283,0.994853826941
annees_2011_2014,2657,2,686308,0.994890067596
annees_2011_2014,4304,3,686333,0.994926308251
annees_2011_2014,3125,2,686357,0.994961099281
annees_2011_2014,5735,0,686381,0.99499589031
annees_2011_2014,TCS1,0,686405,0.995030681339
annees_2011_2014,TAT2,3,686429,0.995065472368
annees_2011_2014,TCJ4,1,686453,0.995100263397
annees_2011_2014,TON2,2,686476,0.9951336048
annees_2011_2014,2804,0,686499,0.995166946203
annees_2011_2014,0640,1,686522,0.995200287606
annees_2011_2014,4301,1,686545,0.995233629009
annees_2011_2014,TOF2,0,686568,0.995266970412
annees_2011_2014,TCE2,1,686591,0.995300311815
annees_2011_2014,3009,1,686614,0.995333653218
annees_2011_2014,2621,1,686636,0.995365544994
annees_2011_2014,TPC1,2,686658,0.995397436771
annees_2011_2014,1315,0,686680,0.995429328548
annees_2011_2014,2732,1,686702,0.995461220324
annees_2011_2014,TCB1,2,686724,0.995493112101
annees_2011_2014,3006,2,686746,0.995525003878
annees_2011_2014,TMH2,3,686768,0.995556895654
annees_2011_2014,3005,3,686789,0.995587337805
annees_2011_2014,1412,2,686810,0.995617779955
annees_2011_2014,2622,0,686831,0.995648222106
annees_2011_2014,TOJ3,0,686852,0.995678664256
annees_2011_2014,TAT3,2,686873,0.995709106407
annees_2011_2014,2749,1,686894,0.995739548557
annees_2011_2014,TRA1,0,686915,0.995769990708
annees_2011_2014,2650,2,686936,0.995800432858
annees_2011_2014,TRL1,2,686957,0.995830875009
annees_2011_2014,TSE3,2,686978,0.995861317159
annees_2011_2014,2804,2,686998,0.995890309684
annees_2011_2014,TRC2,2,687018,0.995919302208
annees_2011_2014,1423,3,687038,0.995948294732
annees_2011_2014,0430,2,687058,0.995977287256
annees_2011_2014,2622,1,687078,0.996006279781
annees_2011_2014,TSP4,0,687098,0.996035272305
annees_2011_2014,2823,0,687118,0.996064264829
annees_2011_2014,1561,0,687138,0.996093257354
annees_2011_2014,TMB1,1,687158,0.996122249878
annees_2011_2014,TON1,3,687178,0.996151242402
annees_2011_2014,TMD3,0,687198,0.996180234926
annees_2011_2014,4108,0,687217,0.996207777824
annees_2011_2014,TCJ4,2,687236,0.996235320723
annees_2011_2014,TMA3,2,687255,0.996262863621
annees_2011_2014,TAS1,1,687274,0.996290406519
annees_2011_2014,2732,0,687293,0.996317949417
annees_2011_2014,TMP2,3,687312,0.996345492315
annees_2011_2014,4323,2,687331,0.996373035213
annees_2011_2014,5735,1,687349,0.996399128485
annees_2011_2014,2657,1,687367,0.996425221757
annees_2011_2014,4116,1,687385,0.996451315028
annees_2011_2014,5745,0,687403,0.9964774083
annees_2011_2014,4115,2,687421,0.996503501572
annees_2011_2014,TOA1,1,687439,0.996529594844
annees_2011_2014,2001,0,687457,0.996555688116
annees_2011_2014,TAD1,2,687475,0.996581781388
annees_2011_2014,TSP1,0,687493,0.99660787466
annees_2011_2014,2731,0,687511,0.996633967931
annees_2011_2014,TTA3,3,687529,0.996660061203
annees_2011_2014,3003,2,687546,0.996684704849
annees_2011_2014,2724,1,687563,0.996709348494
annees_2011_2014,TCJ2,3,687580,0.99673399214
annees_2011_2014,TTG4,0,687597,0.996758635786
annees_2011_2014,TCE2,2,687613,0.996781829805
annees_2011_2014,TRN1,2,687629,0.996805023825
annees_2011_2014,TSC1,2,687645,0.996828217844
annees_2011_2014,TSP1,1,687661,0.996851411863
annees_2011_2014,2440,3,687677,0.996874605883
annees_2011_2014,0650,2,687693,0.996897799902
annees_2011_2014,3129,0,687709,0.996920993922
annees_2011_2014,3008,3,687725,0.996944187941
annees_2011_2014,2319,1,687741,0.996967381961
annees_2011_2014,5715,2,687757,0.99699057598
annees_2011_2014,TSP3,2,687772,0.997012320373
annees_2011_2014,0340,2,687787,0.997034064766
annees_2011_2014,TCH2,0,687802,0.99705580916
annees_2011_2014,TTH4,3,687817,0.997077553553
annees_2011_2014,TOF1,0,687832,0.997099297946
annees_2011_2014,3130,0,687847,0.997121042339
annees_2011_2014,TTU1,1,687862,0.997142786732
annees_2011_2014,1251,2,687877,0.997164531126
annees_2011_2014,TMP3,0,687891,0.997184825893
annees_2011_2014,TNJ4,2,687905,0.99720512066
annees_2011_2014,2602,1,687919,0.997225415427
annees_2011_2014,2334,3,687933,0.997245710194
annees_2011_2014,2813,1,687947,0.997266004961
annees_2011_2014,TRD2,0,687961,0.997286299728
annees_2011_2014,2822,0,687975,0.997306594495
annees_2011_2014,2817,1,687989,0.997326889262
annees_2011_2014,4223,1,688003,0.997347184029
annees_2011_2014,4437,3,688017,0.997367478796
annees_2011_2014,4104,0,688030,0.997386323936
annees_2011_2014,2768,0,688043,0.997405169077
annees_2011_2014,TRD2,1,688056,0.997424014218
annees_2011_2014,TOJ3,1,688069,0.997442859359
annees_2011_2014,3009,2,688082,0.997461704499
annees_2011_2014,2456,0,688095,0.99748054964
annees_2011_2014,TMD3,1,688108,0.997499394781
annees_2011_2014,TRS1,0,688121,0.997518239922
annees_2011_2014,1252,1,688133,0.997535635436
annees_2011_2014,TPH2,1,688145,0.997553030951
annees_2011_2014,5910,0,688157,0.997570426466
annees_2011_2014,1461,1,688169,0.99758782198
annees_2011_2014,2458,2,688181,0.997605217495
annees_2011_2014,TPG4,2,688193,0.997622613009
annees_2011_2014,2821,0,688205,0.997640008524
annees_2011_2014,TAU2,3,688217,0.997657404038
annees_2011_2014,TOP2,3,688229,0.997674799553
annees_2011_2014,TOF3,0,688241,0.997692195068
annees_2011_2014,TOH2,1,688253,0.997709590582
annees_2011_2014,TEQ2,2,688265,0.997726986097
annees_2011_2014,TAS1,2,688277,0.997744381611
annees_2011_2014,TPH1,2,688289,0.997761777126
annees_2011_2014,5725,2,688300,0.997777723014
annees_2011_2014,2258,1,688311,0.997793668902
annees_2011_2014,TPH2,0,688322,0.997809614791
annees_2011_2014,TTU2,0,688333,0.997825560679
annees_2011_2014,TTG3,2,688344,0.997841506568
annees_2011_2014,5845,2,688355,0.997857452456
annees_2011_2014,2452,2,688366,0.997873398344
annees_2011_2014,TAD2,0,688377,0.997889344233
annees_2011_2014,TCG3,2,688388,0.997905290121
annees_2011_2014,2665,1,688399,0.997921236009
annees_2011_2014,TPG3,3,688410,0.997937181898
annees_2011_2014,2801,3,688421,0.997953127786
annees_2011_2014,TOK3,1,688432,0.997969073674
annees_2011_2014,TMD2,3,688443,0.997985019563
annees_2011_2014,TMP3,1,688454,0.998000965451
annees_2011_2014,1326,3,688465,0.998016911339
annees_2011_2014,TPC2,2,688475,0.998031407602
annees_2011_2014,TAS1,0,688485,0.998045903864
annees_2011_2014,TTU2,1,688495,0.998060400126
annees_2011_2014,TOA1,0,688505,0.998074896388
annees_2011_2014,2643,1,688515,0.99808939265
annees_2011_2014,2453,2,688525,0.998103888912
annees_2011_2014,TSC2,0,688535,0.998118385174
annees_2011_2014,TOK3,0,688545,0.998132881437
annees_2011_2014,2642,0,688555,0.998147377699
annees_2011_2014,TTG2,3,688565,0.998161873961
annees_2011_2014,2767,0,688575,0.998176370223
annees_2011_2014,2631,2,688585,0.998190866485
annees_2011_2014,4108,1,688595,0.998205362747
annees_2011_2014,2430,3,688605,0.998219859009
annees_2011_2014,TRD2,2,688615,0.998234355271
annees_2011_2014,TRL2,2,688625,0.998248851534
annees_2011_2014,2621,2,688635,0.998263347796
annees_2011_2014,TOT1,2,688645,0.998277844058
annees_2011_2014,TPC3,1,688654,0.998290890694
annees_2011_2014,TMB1,3,688663,0.99830393733
annees_2011_2014,1315,1,688672,0.998316983966
annees_2011_2014,TOA1,2,688681,0.998330030602
annees_2011_2014,0550,1,688690,0.998343077238
annees_2011_2014,TOC1,1,688699,0.998356123873
annees_2011_2014,TOD2,2,688708,0.998369170509
annees_2011_2014,2803,0,688717,0.998382217145
annees_2011_2014,2719,3,688726,0.998395263781
annees_2011_2014,TNJ3,3,688735,0.998408310417
annees_2011_2014,TAD2,1,688744,0.998421357053
annees_2011_2014,TOF2,2,688753,0.998434403689
annees_2011_2014,2642,2,688762,0.998447450325
annees_2011_2014,2753,3,688771,0.998460496961
annees_2011_2014,TMD3,2,688780,0.998473543597
annees_2011_2014,3133,0,688789,0.998486590233
annees_2011_2014,3122,2,688798,0.998499636869
annees_2011_2014,5920,0,688807,0.998512683505
annees_2011_2014,2665,2,688816,0.99852573014
annees_2011_2014,3128,2,688825,0.998538776776
annees_2011_2014,2823,2,688834,0.998551823412
annees_2011_2014,4207,3,688843,0.998564870048
annees_2011_2014,TTM2,3,688851,0.998576467058
annees_2011_2014,2822,2,688859,0.998588064068
annees_2011_2014,3002,3,688867,0.998599661077
annees_2011_2014,2749,2,688875,0.998611258087
annees_2011_2014,TSC2,1,688883,0.998622855097
annees_2011_2014,4301,2,688891,0.998634452107
annees_2011_2014,3123,0,688899,0.998646049116
annees_2011_2014,TOF1,2,688907,0.998657646126
annees_2011_2014,TSP1,2,688915,0.998669243136
annees_2011_2014,TSE2,3,688923,0.998680840145
annees_2011_2014,2457,2,688931,0.998692437155
annees_2011_2014,3125,3,688939,0.998704034165
annees_2011_2014,TOJ2,3,688947,0.998715631175
annees_2011_2014,TOC1,0,688955,0.998727228184
annees_2011_2014,0423,0,688963,0.998738825194
annees_2011_2014,1561,2,688971,0.998750422204
annees_2011_2014,0221,0,688979,0.998762019213
annees_2011_2014,TRN1,0,688986,0.998772166597
annees_2011_2014,0550,0,688993,0.99878231398
annees_2011_2014,2802,0,689000,0.998792461364
annees_2011_2014,TCH1,1,689007,0.998802608747
annees_2011_2014,TRN3,0,689014,0.998812756131
annees_2011_2014,TCH1,2,689021,0.998822903514
annees_2011_2014,1612,1,689028,0.998833050898
annees_2011_2014,TEB1,0,689035,0.998843198281
annees_2011_2014,0221,1,689042,0.998853345665
annees_2011_2014,TCE3,1,689049,0.998863493048
annees_2011_2014,5710,0,689056,0.998873640432
annees_2011_2014,2631,3,689063,0.998883787815
annees_2011_2014,0342,2,689070,0.998893935199
annees_2011_2014,TPU1,0,689077,0.998904082582
annees_2011_2014,2257,2,689084,0.998914229966
annees_2011_2014,TCM3,0,689091,0.998924377349
annees_2011_2014,2767,1,689098,0.998934524733
annees_2011_2014,TMP3,2,689105,0.998944672116
annees_2011_2014,5920,1,689112,0.9989548195
annees_2011_2014,TRC3,1,689119,0.998964966883
annees_2011_2014,2023,1,689125,0.998973664641
annees_2011_2014,2802,2,689131,0.998982362398
annees_2011_2014,TRN2,1,689137,0.998991060155
annees_2011_2014,TRD1,1,689143,0.998999757912
annees_2011_2014,TCG2,3,689149,0.99900845567
annees_2011_2014,2437,2,689155,0.999017153427
annees_2011_2014,2812,0,689161,0.999025851184
annees_2011_2014,1506,0,689167,0.999034548942
annees_2011_2014,2813,2,689173,0.999043246699
annees_2011_2014,TAU1,3,689179,0.999051944456
annees_2011_2014,4109,0,689185,0.999060642213
annees_2011_2014,TRS1,2,689191,0.999069339971
annees_2011_2014,TTU2,2,689197,0.999078037728
annees_2011_2014,2641,1,689203,0.999086735485
annees_2011_2014,TOK2,3,689209,0.999095433243
annees_2011_2014,TON2,3,689215,0.999104131
annees_2011_2014,1506,1,689220,0.999111379131
annees_2011_2014,5855,0,689225,0.999118627262
annees_2011_2014,2700,3,689230,0.999125875393
annees_2011_2014,1562,2,689235,0.999133123524
annees_2011_2014,0211,1,689240,0.999140371655
annees_2011_2014,2730,0,689245,0.999147619786
annees_2011_2014,2458,3,689250,0.999154867917
annees_2011_2014,2803,2,689255,0.999162116048
annees_2011_2014,1412,3,689260,0.999169364179
annees_2011_2014,TOH2,2,689265,0.999176612311
annees_2011_2014,2460,3,689270,0.999183860442
annees_2011_2014,4115,3,689275,0.999191108573
annees_2011_2014,4109,2,689280,0.999198356704
annees_2011_2014,3165,0,689285,0.999205604835
annees_2011_2014,2821,2,689290,0.999212852966
annees_2011_2014,TPH3,0,689295,0.999220101097
annees_2011_2014,1312,2,689300,0.999227349228
annees_2011_2014,0640,2,689305,0.999234597359
annees_2011_2014,1461,0,689310,0.99924184549
annees_2011_2014,0221,2,689314,0.999247643995
annees_2011_2014,2456,1,689318,0.9992534425
annees_2011_2014,2665,3,689322,0.999259241005
annees_2011_2014,2004,1,689326,0.99926503951
annees_2011_2014,0550,2,689330,0.999270838014
annees_2011_2014,2658,2,689334,0.999276636519
annees_2011_2014,2641,0,689338,0.999282435024
annees_2011_2014,2319,2,689342,0.999288233529
annees_2011_2014,2643,0,689346,0.999294032034
annees_2011_2014,2002,1,689350,0.999299830539
annees_2011_2014,TAJ4,3,689354,0.999305629044
annees_2011_2014,5865,2,689358,0.999311427548
annees_2011_2014,TCD1,0,689362,0.999317226053
annees_2011_2014,3130,1,689366,0.999323024558
annees_2011_2014,TRN3,1,689370,0.999328823063
annees_2011_2014,TPG4,3,689374,0.999334621568
annees_2011_2014,TRA1,1,689378,0.999340420073
annees_2011_2014,TEQ1,3,689382,0.999346218578
annees_2011_2014,3007,0,689386,0.999352017082
annees_2011_2014,TSP4,1,689390,0.999357815587
annees_2011_2014,5910,1,689394,0.999363614092
annees_2011_2014,TCG3,1,689398,0.999369412597
annees_2011_2014,3126,1,689402,0.999375211102
annees_2011_2014,TCP2,1,689406,0.999381009607
annees_2011_2014,TCH2,1,689410,0.999386808112
annees_2011_2014,3132,0,689414,0.999392606616
annees_2011_2014,TCJ3,3,689418,0.999398405121
annees_2011_2014,TAD1,3,689422,0.999404203626
annees_2011_2014,TCM2,2,689426,0.999410002131
annees_2011_2014,TTG4,1,689430,0.999415800636
annees_2011_2014,TRL1,3,689434,0.999421599141
annees_2011_2014,TNN2,3,689438,0.999427397646
annees_2011_2014,TRN2,2,689442,0.99943319615
annees_2011_2014,TOJ3,2,689446,0.999438994655
annees_2011_2014,TNN3,3,689450,0.99944479316
annees_2011_2014,TTU1,2,689454,0.999450591665
annees_2011_2014,5735,2,689458,0.99945639017
annees_2011_2014,2812,2,689462,0.999462188675
annees_2011_2014,TPC2,3,689466,0.99946798718
annees_2011_2014,5715,3,689470,0.999473785684
annees_2011_2014,4348,1,689474,0.999479584189
annees_2011_2014,TRN1,3,689477,0.999483933068
annees_2011_2014,TCE2,3,689480,0.999488281947
annees_2011_2014,1253,1,689483,0.999492630825
annees_2011_2014,2455,2,689486,0.999496979704
annees_2011_2014,1251,3,689489,0.999501328582
annees_2011_2014,TAD2,2,689492,0.999505677461
annees_2011_2014,TOH1,3,689495,0.99951002634
annees_2011_2014,TRD1,0,689498,0.999514375218
annees_2011_2014,TRA1,2,689501,0.999518724097
annees_2011_2014,2335,3,689504,0.999523072976
annees_2011_2014,TRC3,2,689507,0.999527421854
annees_2011_2014,TOF1,3,689510,0.999531770733
annees_2011_2014,TOD3,1,689513,0.999536119612
annees_2011_2014,TOD3,0,689516,0.99954046849
annees_2011_2014,TOK3,2,689519,0.999544817369
annees_2011_2014,TOC2,0,689522,0.999549166247
annees_2011_2014,TOT2,2,689525,0.999553515126
annees_2011_2014,TOC1,2,689528,0.999557864005
annees_2011_2014,1563,1,689531,0.999562212883
annees_2011_2014,TNJ4,3,689534,0.999566561762
annees_2011_2014,TMM1,3,689537,0.999570910641
annees_2011_2014,2001,2,689540,0.999575259519
annees_2011_2014,TMB1,2,689543,0.999579608398
annees_2011_2014,TPU1,1,689546,0.999583957277
annees_2011_2014,TMA2,3,689549,0.999588306155
annees_2011_2014,2724,2,689552,0.999592655034
annees_2011_2014,2258,2,689555,0.999597003913
annees_2011_2014,4323,3,689558,0.999601352791
annees_2011_2014,TEB1,1,689561,0.99960570167
annees_2011_2014,TCP1,3,689564,0.999610050548
annees_2011_2014,TRN2,0,689567,0.999614399427
annees_2011_2014,2257,3,689570,0.999618748306
annees_2011_2014,TSC3,1,689573,0.999623097184
annees_2011_2014,2814,1,689576,0.999627446063
annees_2011_2014,2641,2,689579,0.999631794942
annees_2011_2014,TSP2,3,689582,0.99963614382
annees_2011_2014,3129,1,689585,0.999640492699
annees_2011_2014,3133,1,689588,0.999644841578
annees_2011_2014,0211,0,689591,0.999649190456
annees_2011_2014,2817,2,689594,0.999653539335
annees_2011_2014,0430,3,689597,0.999657888214
annees_2011_2014,2603,0,689600,0.999662237092
annees_2011_2014,2657,3,689603,0.999666585971
annees_2011_2014,0540,1,689606,0.999670934849
annees_2011_2014,TTG4,2,689609,0.999675283728
annees_2011_2014,4122,1,689612,0.999679632607
annees_2011_2014,4132,0,689615,0.999683981485
annees_2011_2014,TOC2,1,689617,0.999686880738
annees_2011_2014,TEB4,1,689619,0.99968977999
annees_2011_2014,2023,2,689621,0.999692679243
annees_2011_2014,2212,0,689623,0.999695578495
annees_2011_2014,2650,3,689625,0.999698477748
annees_2011_2014,TSP4,2,689627,0.999701377
annees_2011_2014,1313,1,689629,0.999704276252
annees_2011_2014,3007,2,689631,0.999707175505
annees_2011_2014,2022,1,689633,0.999710074757
annees_2011_2014,1313,0,689635,0.99971297401
annees_2011_2014,3009,3,689637,0.999715873262
annees_2011_2014,TOD3,2,689639,0.999718772515
annees_2011_2014,TEB2,2,689641,0.999721671767
annees_2011_2014,2731,1,689643,0.999724571019
annees_2011_2014,TPU1,2,689645,0.999727470272
annees_2011_2014,1315,2,689647,0.999730369524
annees_2011_2014,2768,1,689649,0.999733268777
annees_2011_2014,TPH2,2,689651,0.999736168029
annees_2011_2014,TPH1,3,689653,0.999739067282
annees_2011_2014,TPC3,2,689655,0.999741966534
annees_2011_2014,1353,1,689657,0.999744865786
annees_2011_2014,TCP2,2,689659,0.999747765039
annees_2011_2014,2766,0,689661,0.999750664291
annees_2011_2014,2658,0,689663,0.999753563544
annees_2011_2014,0200,1,689665,0.999756462796
annees_2011_2014,1506,2,689667,0.999759362048
annees_2011_2014,2815,0,689669,0.999762261301
annees_2011_2014,2814,0,689671,0.999765160553
annees_2011_2014,0012,1,689673,0.999768059806
annees_2011_2014,TPC1,3,689675,0.999770959058
annees_2011_2014,2813,0,689677,0.999773858311
annees_2011_2014,2459,3,689679,0.999776757563
annees_2011_2014,4301,3,689681,0.999779656815
annees_2011_2014,4104,1,689683,0.999782556068
annees_2011_2014,2454,2,689685,0.99978545532
annees_2011_2014,TSC2,2,689687,0.999788354573
annees_2011_2014,TRD1,2,689689,0.999791253825
annees_2011_2014,0650,3,689691,0.999794153078
annees_2011_2014,5930,0,689693,0.99979705233
annees_2011_2014,TRD4,1,689695,0.999799951582
annees_2011_2014,5855,2,689697,0.999802850835
annees_2011_2014,2602,3,689699,0.999805750087
annees_2011_2014,TCB1,3,689701,0.99980864934
annees_2011_2014,2602,2,689703,0.999811548592
annees_2011_2014,4116,2,689705,0.999814447845
annees_2011_2014,4122,0,689707,0.999817347097
annees_2011_2014,TRL2,3,689709,0.999820246349
annees_2011_2014,4132,1,689711,0.999823145602
annees_2011_2014,4324,2,689713,0.999826044854
annees_2011_2014,3143,0,689715,0.999828944107
annees_2011_2014,TOF2,3,689717,0.999831843359
annees_2011_2014,TCJ4,3,689719,0.999834742612
annees_2011_2014,1253,0,689721,0.999837641864
annees_2011_2014,1253,2,689723,0.999840541116
annees_2011_2014,TSC1,3,689725,0.999843440369
annees_2011_2014,1252,0,689727,0.999846339621
annees_2011_2014,TRN3,2,689728,0.999847789248
annees_2011_2014,0640,3,689729,0.999849238874
annees_2011_2014,TRD4,2,689730,0.9998506885
annees_2011_2014,0342,3,689731,0.999852138126
annees_2011_2014,TOT1,3,689732,0.999853587752
annees_2011_2014,1312,3,689733,0.999855037379
annees_2011_2014,0422,1,689734,0.999856487005
annees_2011_2014,TOJ3,3,689735,0.999857936631
annees_2011_2014,0540,0,689736,0.999859386257
annees_2011_2014,TRC1,3,689737,0.999860835883
annees_2011_2014,TTU1,3,689738,0.99986228551
annees_2011_2014,TRD4,0,689739,0.999863735136
annees_2011_2014,0031,0,689740,0.999865184762
annees_2011_2014,TTG3,3,689741,0.999866634388
annees_2011_2014,TRN3,3,689742,0.999868084015
annees_2011_2014,0423,1,689743,0.999869533641
annees_2011_2014,TTA4,3,689744,0.999870983267
annees_2011_2014,TRD1,3,689745,0.999872432893
annees_2011_2014,1252,2,689746,0.999873882519
annees_2011_2014,1353,0,689747,0.999875332146
annees_2011_2014,TRN2,3,689748,0.999876781772
annees_2011_2014,TRC4,0,689749,0.999878231398
annees_2011_2014,0211,2,689750,0.999879681024
annees_2011_2014,TRC4,1,689751,0.99988113065
annees_2011_2014,0423,2,689752,0.999882580277
annees_2011_2014,TPH3,1,689753,0.999884029903
annees_2011_2014,TPH3,2,689754,0.999885479529
annees_2011_2014,TSC2,3,689755,0.999886929155
annees_2011_2014,2717,3,689756,0.999888378782
annees_2011_2014,TOF3,1,689757,0.999889828408
annees_2011_2014,4112,1,689758,0.999891278034
annees_2011_2014,3132,1,689759,0.99989272766
annees_2011_2014,2622,3,689760,0.999894177286
annees_2011_2014,3141,0,689761,0.999895626913
annees_2011_2014,3141,1,689762,0.999897076539
annees_2011_2014,3141,2,689763,0.999898526165
annees_2011_2014,3165,2,689764,0.999899975791
annees_2011_2014,4108,2,689765,0.999901425417
annees_2011_2014,4122,3,689766,0.999902875044
annees_2011_2014,5845,3,689767,0.99990432467
annees_2011_2014,4327,1,689768,0.999905774296
annees_2011_2014,4328,0,689769,0.999907223922
annees_2011_2014,4328,1,689770,0.999908673549
annees_2011_2014,4328,2,689771,0.999910123175
annees_2011_2014,2457,3,689772,0.999911572801
annees_2011_2014,5710,2,689773,0.999913022427
annees_2011_2014,5735,3,689774,0.999914472053
annees_2011_2014,3130,2,689775,0.99991592168
annees_2011_2014,3128,3,689776,0.999917371306
annees_2011_2014,3127,0,689777,0.999918820932
annees_2011_2014,3126,0,689778,0.999920270558
annees_2011_2014,2730,1,689779,0.999921720184
annees_2011_2014,2732,2,689780,0.999923169811
annees_2011_2014,2749,3,689781,0.999924619437
annees_2011_2014,2767,2,689782,0.999926069063
annees_2011_2014,2814,2,689783,0.999927518689
annees_2011_2014,2815,1,689784,0.999928968316
annees_2011_2014,2658,1,689785,0.999930417942
annees_2011_2014,2817,0,689786,0.999931867568
annees_2011_2014,2821,3,689787,0.999933317194
annees_2011_2014,2822,3,689788,0.99993476682
annees_2011_2014,2823,3,689789,0.999936216447
annees_2011_2014,3006,3,689790,0.999937666073
annees_2011_2014,3010,0,689791,0.999939115699
annees_2011_2014,3112,0,689792,0.999940565325
annees_2011_2014,3123,2,689793,0.999942014951
annees_2011_2014,5745,1,689794,0.999943464578
annees_2011_2014,5910,2,689795,0.999944914204
annees_2011_2014,1451,3,689796,0.99994636383
annees_2011_2014,2003,1,689797,0.999947813456
annees_2011_2014,2017,2,689798,0.999949263083
annees_2011_2014,2017,1,689799,0.999950712709
annees_2011_2014,2017,0,689800,0.999952162335
annees_2011_2014,2014,2,689801,0.999953611961
annees_2011_2014,2013,1,689802,0.999955061587
annees_2011_2014,2012,1,689803,0.999956511214
annees_2011_2014,2012,0,689804,0.99995796084
annees_2011_2014,TMD3,3,689805,0.999959410466
annees_2011_2014,2452,3,689806,0.999960860092
annees_2011_2014,2001,3,689807,0.999962309718
annees_2011_2014,1612,3,689808,0.999963759345
annees_2011_2014,TOC1,3,689809,0.999965208971
annees_2011_2014,1561,3,689810,0.999966658597
annees_2011_2014,TOD1,3,689811,0.999968108223
annees_2011_2014,1506,3,689812,0.99996955785
annees_2011_2014,TOD2,3,689813,0.999971007476
annees_2011_2014,TMA3,3,689814,0.999972457102
annees_2011_2014,2212,1,689815,0.999973906728
annees_2011_2014,TEB3,2,689816,0.999975356354
annees_2011_2014,TEB3,1,689817,0.999976805981
annees_2011_2014,6013,1,689818,0.999978255607
annees_2011_2014,6013,2,689819,0.999979705233
annees_2011_2014,2450,1,689820,0.999981154859
annees_2011_2014,2450,0,689821,0.999982604485
annees_2011_2014,TCA1,3,689822,0.999984054112
annees_2011_2014,TCD1,1,689823,0.999985503738
annees_2011_2014,TCD2,0,689824,0.999986953364
annees_2011_2014,TCD2,1,689825,0.99998840299
annees_2011_2014,TCE3,2,689826,0.999989852617
annees_2011_2014,TCH2,2,689827,0.999991302243
annees_2011_2014,TCM2,3,689828,0.999992751869
annees_2011_2014,TCM3,1,689829,0.999994201495
annees_2011_2014,TEB1,2,689830,0.999995651121
annees_2011_2014,TEB2,1,689831,0.999997100748
annees_2011_2014,TEB2,3,689832,0.999998550374
annees_2011_2014,TTU2,3,689833,1.0
annees_2011_2014_purgees,TTH1,0,39876,0.102062702681
annees_2011_2014_purgees,3001,0,74530,0.190759685796
annees_2011_2014_purgees,TAJ1,0,93843,0.240191348371
annees_2011_2014_purgees,2432,0,109966,0.281458199493
annees_2011_2014_purgees,3256,0,124219,0.317938781831
annees_2011_2014_purgees,TAJ2,0,133986,0.342937438092
annees_2011_2014_purgees,TTH2,1,143405,0.367045387649
annees_2011_2014_purgees,TTH1,1,150875,0.386164867763
annees_2011_2014_purgees,TNJ1,0,158109,0.4046803054
annees_2011_2014_purgees,TTH3,0,165152,0.42270687815
annees_2011_2014_purgees,1423,0,171523,0.43901346554
annees_2011_2014_purgees,TAJ2,1,177876,0.455273981894
annees_2011_2014_purgees,TAJ1,1,184051,0.471078906888
annees_2011_2014_purgees,3001,1,190131,0.486640679189
annees_2011_2014_purgees,4304,0,196081,0.501869716228
annees_2011_2014_purgees,TTH3,1,201719,0.516300188635
annees_2011_2014_purgees,TAT1,0,207152,0.530205963128
annees_2011_2014_purgees,TRS3,1,212241,0.543231268924
annees_2011_2014_purgees,TTH2,0,217250,0.556051814559
annees_2011_2014_purgees,2753,0,221898,0.567948379963
annees_2011_2014_purgees,TTM1,0,226147,0.57882370406
annees_2011_2014_purgees,TMH2,0,229916,0.588470467186
annees_2011_2014_purgees,TAR1,0,233550,0.597771697539
annees_2011_2014_purgees,TMD1,0,237147,0.606978226316
annees_2011_2014_purgees,TTA2,0,240611,0.615844341325
annees_2011_2014_purgees,TTA1,0,244020,0.624569683722
annees_2011_2014_purgees,TTA1,1,247407,0.633238717075
annees_2011_2014_purgees,2432,1,250524,0.641216684882
annees_2011_2014_purgees,TAR1,1,253639,0.649189533684
annees_2011_2014_purgees,3002,0,256671,0.656949943819
annees_2011_2014_purgees,TTT3,0,259564,0.664354583172
annees_2011_2014_purgees,4437,0,262318,0.671403451744
annees_2011_2014_purgees,TOJ1,0,265050,0.678396011272
annees_2011_2014_purgees,TTG2,0,267716,0.685219643666
annees_2011_2014_purgees,3121,0,270361,0.691989526518
annees_2011_2014_purgees,TAJ3,0,272998,0.698738933353
annees_2011_2014_purgees,1326,0,275394,0.704871500201
annees_2011_2014_purgees,4207,0,277691,0.710750676348
annees_2011_2014_purgees,TMD1,1,279944,0.716517234407
annees_2011_2014_purgees,TTH1,2,282176,0.722230042923
annees_2011_2014_purgees,2801,1,284344,0.727779043309
annees_2011_2014_purgees,3256,1,286415,0.733079772
annees_2011_2014_purgees,TMH1,1,288474,0.738349786666
annees_2011_2014_purgees,TOJ1,1,290506,0.743550694777
annees_2011_2014_purgees,TTT2,0,292446,0.748516128702
annees_2011_2014_purgees,TCJ1,0,294383,0.753473884121
annees_2011_2014_purgees,TAT1,1,296244,0.758237117386
annees_2011_2014_purgees,TMP1,0,298053,0.762867256547
annees_2011_2014_purgees,3005,0,299813,0.767371980108
annees_2011_2014_purgees,TAJ3,1,301540,0.771792240102
annees_2011_2014_purgees,TTM1,1,303192,0.776020537444
annees_2011_2014_purgees,TAR3,0,304799,0.780133657196
annees_2011_2014_purgees,TNJ1,1,306399,0.784228860433
annees_2011_2014_purgees,TTH4,0,307987,0.788293349646
annees_2011_2014_purgees,TPG3,0,309544,0.792278494296
annees_2011_2014_purgees,TTG1,1,311025,0.796069116793
annees_2011_2014_purgees,3008,0,312498,0.799839263273
annees_2011_2014_purgees,2335,0,313955,0.803568457721
annees_2011_2014_purgees,TNJ2,0,315375,0.807202950594
annees_2011_2014_purgees,TTA2,1,316771,0.810776015418
annees_2011_2014_purgees,TNN1,0,318160,0.814331163729
annees_2011_2014_purgees,TAT2,0,319547,0.817881193035
annees_2011_2014_purgees,TTG1,0,320907,0.821362115787
annees_2011_2014_purgees,TMH1,0,322258,0.82482000302
annees_2011_2014_purgees,TTT2,1,323598,0.828249735731
annees_2011_2014_purgees,6012,0,324902,0.83158732637
annees_2011_2014_purgees,TCJ2,0,326061,0.834553789215
annees_2011_2014_purgees,TRS4,1,327218,0.837515133056
annees_2011_2014_purgees,TMA1,0,328331,0.840363858808
annees_2011_2014_purgees,4304,1,329432,0.843181870535
annees_2011_2014_purgees,TRS3,2,330507,0.84593333521
annees_2011_2014_purgees,TPG2,1,331578,0.848674561877
annees_2011_2014_purgees,TOK1,0,332622,0.85134668199
annees_2011_2014_purgees,1423,1,333572,0.853778208912
annees_2011_2014_purgees,3121,1,334487,0.856120153263
annees_2011_2014_purgees,TPG2,0,335395,0.8584441811
annees_2011_2014_purgees,TAR2,1,336299,0.860757970929
annees_2011_2014_purgees,TRS2,1,337200,0.863064082252
annees_2011_2014_purgees,2611,0,338088,0.865336920049
annees_2011_2014_purgees,TSE1,0,338974,0.867604638841
annees_2011_2014_purgees,TTH2,2,339821,0.869772537055
annees_2011_2014_purgees,2334,1,340666,0.871935316265
annees_2011_2014_purgees,TTA3,0,341481,0.874021310414
annees_2011_2014_purgees,TPG1,1,342291,0.876094507053
annees_2011_2014_purgees,4437,1,343092,0.878144668173
annees_2011_2014_purgees,TTM2,0,343870,0.880135960747
annees_2011_2014_purgees,TCJ1,1,344648,0.882127253322
annees_2011_2014_purgees,TNJ2,1,345413,0.884085272369
annees_2011_2014_purgees,2334,0,346154,0.885981863369
annees_2011_2014_purgees,TNN1,1,346877,0.887832383331
annees_2011_2014_purgees,TMA1,1,347595,0.889670105784
annees_2011_2014_purgees,TAR2,0,348310,0.891500149731
annees_2011_2014_purgees,TTA3,1,348987,0.893232932601
annees_2011_2014_purgees,TSE1,1,349658,0.894950358458
annees_2011_2014_purgees,2801,0,350315,0.896631951288
annees_2011_2014_purgees,TTT1,1,350968,0.898303306109
annees_2011_2014_purgees,4323,0,351608,0.899941387404
annees_2011_2014_purgees,1451,0,352237,0.901551314176
annees_2011_2014_purgees,TTT1,0,352837,0.90308701539
annees_2011_2014_purgees,TOK1,1,353431,0.904607359592
annees_2011_2014_purgees,TPG1,0,354025,0.906127703794
annees_2011_2014_purgees,TCF1,1,354604,0.907609655465
annees_2011_2014_purgees,TCP1,0,355155,0.90901994108
annees_2011_2014_purgees,TAT2,1,355684,0.910373917651
annees_2011_2014_purgees,TAR1,2,356191,0.911671585176
annees_2011_2014_purgees,TMP1,1,356678,0.912918062662
annees_2011_2014_purgees,2458,0,357154,0.914136385625
annees_2011_2014_purgees,2459,0,357627,0.915347030082
annees_2011_2014_purgees,4115,0,358095,0.916544877029
annees_2011_2014_purgees,TTH4,1,358547,0.917701771943
annees_2011_2014_purgees,TRC1,0,358992,0.918840750344
annees_2011_2014_purgees,TMD2,0,359428,0.919956693226
annees_2011_2014_purgees,TCE1,1,359849,0.921034243578
annees_2011_2014_purgees,2700,0,360256,0.922075960901
annees_2011_2014_purgees,3005,1,360640,0.923058809678
annees_2011_2014_purgees,TOP1,0,361024,0.924041658455
annees_2011_2014_purgees,TCB1,0,361404,0.925014269224
annees_2011_2014_purgees,TTA4,0,361776,0.925966403976
annees_2011_2014_purgees,TTH3,2,362143,0.926905741219
annees_2011_2014_purgees,TMP2,0,362507,0.927837399955
annees_2011_2014_purgees,TTT3,1,362866,0.928756261182
annees_2011_2014_purgees,TAR3,1,363192,0.929590658841
annees_2011_2014_purgees,TMM1,0,363506,0.930394342477
annees_2011_2014_purgees,2440,0,363814,0.9311826691
annees_2011_2014_purgees,4207,1,364122,0.931970995723
annees_2011_2014_purgees,TNJ3,0,364429,0.932756762844
annees_2011_2014_purgees,TOJ2,0,364735,0.933539970463
annees_2011_2014_purgees,1316,0,365041,0.934323178082
annees_2011_2014_purgees,TNJ3,1,365344,0.935098707196
annees_2011_2014_purgees,TAJ2,2,365647,0.935874236309
annees_2011_2014_purgees,TOP2,0,365942,0.936629289405
annees_2011_2014_purgees,TCA1,0,366234,0.937376663996
annees_2011_2014_purgees,TSE2,1,366519,0.938106122073
annees_2011_2014_purgees,TAU2,0,366801,0.938827901643
annees_2011_2014_purgees,2430,0,367082,0.939547121712
annees_2011_2014_purgees,2661,0,367360,0.940258663274
annees_2011_2014_purgees,TOK2,0,367635,0.940962526331
annees_2011_2014_purgees,TAJ4,0,367908,0.941661270383
annees_2011_2014_purgees,TCJ2,1,368181,0.942360014436
annees_2011_2014_purgees,2719,0,368448,0.943043401476
annees_2011_2014_purgees,TOP1,1,368710,0.943713991006
annees_2011_2014_purgees,2430,1,368964,0.94436410452
annees_2011_2014_purgees,0340,0,369217,0.945011658532
annees_2011_2014_purgees,4324,0,369467,0.945651534038
annees_2011_2014_purgees,TOH1,0,369717,0.946291409543
annees_2011_2014_purgees,3008,1,369966,0.946928725547
annees_2011_2014_purgees,TMH2,1,370207,0.947545565535
annees_2011_2014_purgees,TCS1,1,370447,0.94815984602
annees_2011_2014_purgees,0430,0,370683,0.948763888498
annees_2011_2014_purgees,TRC2,0,370918,0.949365371473
annees_2011_2014_purgees,5715,0,371150,0.949959175943
annees_2011_2014_purgees,TAJ1,2,371382,0.950552980412
annees_2011_2014_purgees,2440,1,371612,0.951141665877
annees_2011_2014_purgees,3002,1,371841,0.951727791841
annees_2011_2014_purgees,1326,1,372063,0.95229600129
annees_2011_2014_purgees,TSE2,0,372283,0.952859091735
annees_2011_2014_purgees,TCF1,2,372502,0.953419622678
annees_2011_2014_purgees,TCG1,1,372719,0.953975034617
annees_2011_2014_purgees,3006,0,372934,0.954525327552
annees_2011_2014_purgees,2717,0,373145,0.955065382479
annees_2011_2014_purgees,TSE1,2,373354,0.955600318402
annees_2011_2014_purgees,TNN1,2,373558,0.956122456815
annees_2011_2014_purgees,TTA1,2,373758,0.956634357219
annees_2011_2014_purgees,TNN3,0,373957,0.957143698122
annees_2011_2014_purgees,TAU1,0,374152,0.957642801017
annees_2011_2014_purgees,TNN2,1,374344,0.958134225405
annees_2011_2014_purgees,TCG1,0,374534,0.95862053079
annees_2011_2014_purgees,TOJ2,1,374717,0.95908891966
annees_2011_2014_purgees,2460,0,374899,0.959554749028
annees_2011_2014_purgees,TSE3,0,375080,0.960018018894
annees_2011_2014_purgees,TTG2,1,375258,0.960473610254
annees_2011_2014_purgees,TAT3,0,375431,0.960916404104
annees_2011_2014_purgees,2257,0,375603,0.961356638452
annees_2011_2014_purgees,TMD2,1,375771,0.961786634792
annees_2011_2014_purgees,TCJ3,1,375936,0.962208952626
annees_2011_2014_purgees,1412,0,376099,0.962626151456
annees_2011_2014_purgees,2432,2,376253,0.963020314768
annees_2011_2014_purgees,2452,0,376407,0.963414478079
annees_2011_2014_purgees,TAJ3,2,376561,0.963808641391
annees_2011_2014_purgees,TRC1,1,376712,0.964195126196
annees_2011_2014_purgees,TTT1,2,376863,0.964581611002
annees_2011_2014_purgees,3001,2,377013,0.964965536305
annees_2011_2014_purgees,2460,1,377161,0.965344342605
annees_2011_2014_purgees,TCE1,2,377308,0.965720589402
annees_2011_2014_purgees,TMP2,1,377449,0.966081479187
annees_2011_2014_purgees,TRL2,0,377588,0.966437249969
annees_2011_2014_purgees,6012,1,377725,0.966787901746
annees_2011_2014_purgees,5715,1,377858,0.967128315515
annees_2011_2014_purgees,TTA2,2,377989,0.96746361028
annees_2011_2014_purgees,3128,0,378119,0.967796345543
annees_2011_2014_purgees,TRS4,2,378247,0.968123961802
annees_2011_2014_purgees,TCG2,0,378374,0.968449018559
annees_2011_2014_purgees,TCJ3,0,378499,0.968768956312
annees_2011_2014_purgees,2804,1,378623,0.969086334563
annees_2011_2014_purgees,5725,0,378744,0.969396034308
annees_2011_2014_purgees,TNN2,0,378865,0.969705734052
annees_2011_2014_purgees,TTA4,1,378985,0.970012874295
annees_2011_2014_purgees,TNJ1,2,379099,0.970304657526
annees_2011_2014_purgees,2823,1,379212,0.970593881254
annees_2011_2014_purgees,3003,0,379322,0.970875426477
annees_2011_2014_purgees,TPG3,1,379431,0.971154412198
annees_2011_2014_purgees,TTM2,1,379539,0.971430838416
annees_2011_2014_purgees,2801,2,379646,0.971704705133
annees_2011_2014_purgees,TSP2,1,379752,0.971976012347
annees_2011_2014_purgees,2459,1,379858,0.972247319562
annees_2011_2014_purgees,TRL1,1,379963,0.972516067274
annees_2011_2014_purgees,TOJ1,2,380066,0.972779695982
annees_2011_2014_purgees,TAJ4,1,380168,0.973040765189
annees_2011_2014_purgees,TPG1,2,380266,0.973291596387
annees_2011_2014_purgees,TCP1,1,380363,0.973539868083
annees_2011_2014_purgees,TCJ4,0,380459,0.973785580278
annees_2011_2014_purgees,0342,1,380553,0.974026173468
annees_2011_2014_purgees,2611,1,380647,0.974266766658
annees_2011_2014_purgees,TAU2,1,380741,0.974507359848
annees_2011_2014_purgees,1251,0,380834,0.974745393536
annees_2011_2014_purgees,4323,1,380927,0.974983427224
annees_2011_2014_purgees,TRL2,1,381017,0.975213782406
annees_2011_2014_purgees,TOD1,0,381107,0.975444137589
annees_2011_2014_purgees,TTG3,0,381195,0.975669373767
annees_2011_2014_purgees,2631,0,381282,0.975892050443
annees_2011_2014_purgees,TSC1,0,381368,0.976112167617
annees_2011_2014_purgees,TOH1,1,381453,0.976329725289
annees_2011_2014_purgees,TON1,0,381537,0.976544723459
annees_2011_2014_purgees,TTA3,2,381621,0.976759721629
annees_2011_2014_purgees,2453,0,381705,0.976974719799
annees_2011_2014_purgees,2753,1,381788,0.977187158466
annees_2011_2014_purgees,TNJ2,2,381869,0.97739447813
annees_2011_2014_purgees,2001,1,381950,0.977601797794
annees_2011_2014_purgees,TMA1,2,382027,0.97779887945
annees_2011_2014_purgees,3125,0,382104,0.977995961106
annees_2011_2014_purgees,2319,0,382181,0.978193042762
annees_2011_2014_purgees,2602,0,382257,0.978387564915
annees_2011_2014_purgees,TTH2,3,382332,0.978579527567
annees_2011_2014_purgees,0650,1,382406,0.978768930717
annees_2011_2014_purgees,2749,0,382480,0.978958333867
annees_2011_2014_purgees,TTT3,2,382554,0.979147737016
annees_2011_2014_purgees,2454,0,382628,0.979337140166
annees_2011_2014_purgees,0640,0,382701,0.979523983814
annees_2011_2014_purgees,TOD2,0,382773,0.979708267959
annees_2011_2014_purgees,3009,0,382844,0.979889992603
annees_2011_2014_purgees,4115,1,382914,0.980069157745
annees_2011_2014_purgees,TSC1,1,382984,0.980248322886
annees_2011_2014_purgees,TOD1,1,383052,0.980422369024
annees_2011_2014_purgees,TAU1,1,383119,0.980593855659
annees_2011_2014_purgees,2457,0,383186,0.980765342295
annees_2011_2014_purgees,TTM1,2,383253,0.980936828931
annees_2011_2014_purgees,2719,1,383319,0.981105756064
annees_2011_2014_purgees,TAJ1,3,383384,0.981272123696
annees_2011_2014_purgees,TMM1,1,383449,0.981438491327
annees_2011_2014_purgees,TAT1,2,383514,0.981604858959
annees_2011_2014_purgees,TRL1,0,383578,0.981768667088
annees_2011_2014_purgees,TMD1,2,383642,0.981932475218
annees_2011_2014_purgees,2665,0,383705,0.982093723845
annees_2011_2014_purgees,TTH1,3,383768,0.982254972473
annees_2011_2014_purgees,1451,1,383830,0.982413661598
annees_2011_2014_purgees,0342,0,383892,0.982572350723
annees_2011_2014_purgees,4116,0,383954,0.982731039849
annees_2011_2014_purgees,TPG4,0,384015,0.982887169472
annees_2011_2014_purgees,0650,0,384076,0.983043299096
annees_2011_2014_purgees,TCS1,2,384137,0.983199428719
annees_2011_2014_purgees,2661,1,384197,0.983352998841
annees_2011_2014_purgees,TMA2,2,384257,0.983506568962
annees_2011_2014_purgees,TAD1,0,384317,0.983660139083
annees_2011_2014_purgees,3122,0,384376,0.983811149703
annees_2011_2014_purgees,TMA2,1,384435,0.983962160322
annees_2011_2014_purgees,TPG4,1,384494,0.984113170941
annees_2011_2014_purgees,TSP3,0,384553,0.984264181561
annees_2011_2014_purgees,2335,1,384611,0.984412632678
annees_2011_2014_purgees,TOH2,0,384669,0.984561083796
annees_2011_2014_purgees,2822,1,384727,0.984709534913
annees_2011_2014_purgees,3128,1,384784,0.984855426528
annees_2011_2014_purgees,TSP2,0,384841,0.985001318144
annees_2011_2014_purgees,2458,1,384897,0.985144650257
annees_2011_2014_purgees,TMA2,0,384950,0.985280303864
annees_2011_2014_purgees,TCG2,1,385003,0.985415957471
annees_2011_2014_purgees,TNJ4,0,385055,0.985549051577
annees_2011_2014_purgees,TRC3,0,385107,0.985682145682
annees_2011_2014_purgees,TMA3,1,385158,0.985812680285
annees_2011_2014_purgees,TON1,1,385209,0.985943214888
annees_2011_2014_purgees,TCG1,2,385259,0.986071189989
annees_2011_2014_purgees,TPH1,1,385308,0.986196605588
annees_2011_2014_purgees,TSP3,1,385357,0.986322021188
annees_2011_2014_purgees,3125,1,385406,0.986447436787
annees_2011_2014_purgees,3256,2,385455,0.986572852386
annees_2011_2014_purgees,1412,1,385503,0.986695708483
annees_2011_2014_purgees,TOK2,1,385551,0.98681856458
annees_2011_2014_purgees,TTT2,2,385599,0.986941420677
annees_2011_2014_purgees,1561,1,385646,0.987061717272
annees_2011_2014_purgees,TNN3,1,385693,0.987182013867
annees_2011_2014_purgees,4223,0,385739,0.98729975096
annees_2011_2014_purgees,TCP2,0,385785,0.987417488054
annees_2011_2014_purgees,TCM2,0,385831,0.987535225147
annees_2011_2014_purgees,2700,1,385876,0.987650402738
annees_2011_2014_purgees,3003,1,385921,0.987765580329
annees_2011_2014_purgees,2650,0,385966,0.98788075792
annees_2011_2014_purgees,2257,1,386009,0.987990816507
annees_2011_2014_purgees,4304,2,386052,0.988100875094
annees_2011_2014_purgees,1316,1,386095,0.988210933681
annees_2011_2014_purgees,TCJ1,2,386138,0.988320992268
annees_2011_2014_purgees,TPC2,1,386181,0.988431050855
annees_2011_2014_purgees,2802,1,386223,0.98853854994
annees_2011_2014_purgees,TAT2,2,386264,0.988643489523
annees_2011_2014_purgees,2437,0,386304,0.988745869604
annees_2011_2014_purgees,6013,0,386344,0.988848249685
annees_2011_2014_purgees,TAR3,2,386384,0.988950629765
annees_2011_2014_purgees,TMH1,2,386424,0.989053009846
annees_2011_2014_purgees,TTA1,3,386463,0.989152830425
annees_2011_2014_purgees,TPH1,0,386501,0.989250091502
annees_2011_2014_purgees,TAD1,1,386539,0.989347352579
annees_2011_2014_purgees,3121,2,386576,0.989442054154
annees_2011_2014_purgees,TMA1,3,386612,0.989534196227
annees_2011_2014_purgees,2649,0,386648,0.9896263383
annees_2011_2014_purgees,3006,1,386682,0.989713361368
annees_2011_2014_purgees,2803,1,386716,0.989800384437
annees_2011_2014_purgees,TRC2,1,386750,0.989887407506
annees_2011_2014_purgees,5725,1,386784,0.989974430575
annees_2011_2014_purgees,TCH1,0,386818,0.990061453644
annees_2011_2014_purgees,1251,1,386851,0.99014591721
annees_2011_2014_purgees,2455,0,386884,0.990230380777
annees_2011_2014_purgees,2440,2,386916,0.990312284842
annees_2011_2014_purgees,2258,0,386948,0.990394188907
annees_2011_2014_purgees,1562,1,386980,0.990476092971
annees_2011_2014_purgees,TPG3,2,387012,0.990557997036
annees_2011_2014_purgees,TPC2,0,387044,0.990639901101
annees_2011_2014_purgees,2724,0,387076,0.990721805166
annees_2011_2014_purgees,TPC1,1,387108,0.99080370923
annees_2011_2014_purgees,TPC1,0,387140,0.990885613295
annees_2011_2014_purgees,TRS2,0,387172,0.99096751736
annees_2011_2014_purgees,TON2,0,387203,0.991046861923
annees_2011_2014_purgees,TOK1,2,387234,0.991126206485
annees_2011_2014_purgees,2621,0,387265,0.991205551048
annees_2011_2014_purgees,2812,1,387295,0.991282336109
annees_2011_2014_purgees,1562,0,387325,0.991359121169
annees_2011_2014_purgees,TTU1,0,387354,0.991433346728
annees_2011_2014_purgees,0430,1,387383,0.991507572287
annees_2011_2014_purgees,2753,2,387412,0.991581797845
annees_2011_2014_purgees,TPC3,0,387440,0.991653463902
annees_2011_2014_purgees,2821,1,387468,0.991725129959
annees_2011_2014_purgees,TCG3,0,387496,0.991796796015
annees_2011_2014_purgees,1312,0,387524,0.991868462072
annees_2011_2014_purgees,4301,0,387552,0.991940128129
annees_2011_2014_purgees,2657,0,387580,0.992011794185
annees_2011_2014_purgees,1423,2,387608,0.992083460242
annees_2011_2014_purgees,TMP1,2,387635,0.992152566797
annees_2011_2014_purgees,TMD2,2,387662,0.992221673351
annees_2011_2014_purgees,4348,0,387689,0.992290779906
annees_2011_2014_purgees,5845,0,387716,0.99235988646
annees_2011_2014_purgees,2452,1,387742,0.992426433513
annees_2011_2014_purgees,TTG2,2,387768,0.992492980566
annees_2011_2014_purgees,TTG3,1,387794,0.992559527618
annees_2011_2014_purgees,TRN1,1,387820,0.992626074671
annees_2011_2014_purgees,TOF1,1,387846,0.992692621724
annees_2011_2014_purgees,TMB1,0,387871,0.992756609274
annees_2011_2014_purgees,1312,1,387896,0.992820596825
annees_2011_2014_purgees,TAU2,2,387921,0.992884584375
annees_2011_2014_purgees,2717,1,387946,0.992948571926
annees_2011_2014_purgees,TPG2,2,387970,0.993009999974
annees_2011_2014_purgees,TCS1,0,387994,0.993071428023
annees_2011_2014_purgees,2453,1,388018,0.993132856072
annees_2011_2014_purgees,TMH2,2,388042,0.99319428412
annees_2011_2014_purgees,TAR2,2,388066,0.993255712169
annees_2011_2014_purgees,5735,0,388090,0.993317140217
annees_2011_2014_purgees,TNJ3,2,388114,0.993378568266
annees_2011_2014_purgees,TOF2,0,388137,0.993437436812
annees_2011_2014_purgees,TNJ4,1,388160,0.993496305359
annees_2011_2014_purgees,2804,0,388183,0.993555173905
annees_2011_2014_purgees,TAT3,1,388206,0.993614042452
annees_2011_2014_purgees,3122,1,388229,0.993672910998
annees_2011_2014_purgees,3008,2,388252,0.993731779545
annees_2011_2014_purgees,TAJ2,3,388275,0.993790648092
annees_2011_2014_purgees,TEQ2,1,388297,0.993846957136
annees_2011_2014_purgees,TCE2,1,388319,0.993903266181
annees_2011_2014_purgees,1315,0,388341,0.993959575225
annees_2011_2014_purgees,TOJ3,0,388362,0.994013324768
annees_2011_2014_purgees,TCA1,1,388383,0.99406707431
annees_2011_2014_purgees,2649,1,388404,0.994120823853
annees_2011_2014_purgees,TRA1,0,388425,0.994174573395
annees_2011_2014_purgees,TSE3,1,388446,0.994228322937
annees_2011_2014_purgees,2622,0,388467,0.99428207248
annees_2011_2014_purgees,TCJ2,2,388487,0.99433326252
annees_2011_2014_purgees,1561,0,388507,0.994384452561
annees_2011_2014_purgees,TSP4,0,388527,0.994435642601
annees_2011_2014_purgees,TMD3,0,388547,0.994486832642
annees_2011_2014_purgees,2823,0,388567,0.994538022682
annees_2011_2014_purgees,TTG1,2,388586,0.994586653221
annees_2011_2014_purgees,TOJ2,2,388605,0.994635283759
annees_2011_2014_purgees,TOF2,1,388624,0.994683914298
annees_2011_2014_purgees,4108,0,388643,0.994732544836
annees_2011_2014_purgees,2732,0,388662,0.994781175375
annees_2011_2014_purgees,TOP2,1,388680,0.994827246411
annees_2011_2014_purgees,5745,0,388698,0.994873317447
annees_2011_2014_purgees,2731,0,388716,0.994919388484
annees_2011_2014_purgees,TSP1,0,388734,0.99496545952
annees_2011_2014_purgees,2001,0,388752,0.995011530557
annees_2011_2014_purgees,TON2,1,388769,0.995055042091
annees_2011_2014_purgees,TTG4,0,388786,0.995098553625
annees_2011_2014_purgees,4437,2,388803,0.99514206516
annees_2011_2014_purgees,TAS1,1,388819,0.995183017192
annees_2011_2014_purgees,3129,0,388835,0.995223969225
annees_2011_2014_purgees,TCJ4,1,388851,0.995264921257
annees_2011_2014_purgees,0640,1,388867,0.995305873289
annees_2011_2014_purgees,4324,1,388883,0.995346825322
annees_2011_2014_purgees,2334,2,388898,0.995385217852
annees_2011_2014_purgees,TOF1,0,388913,0.995423610382
annees_2011_2014_purgees,TCH2,0,388928,0.995462002913
annees_2011_2014_purgees,TEQ1,1,388943,0.995500395443
annees_2011_2014_purgees,TAU1,2,388958,0.995538787973
annees_2011_2014_purgees,3130,0,388973,0.995577180504
annees_2011_2014_purgees,2454,1,388988,0.995615573034
annees_2011_2014_purgees,TCE1,3,389003,0.995653965564
annees_2011_2014_purgees,2817,1,389017,0.995689798593
annees_2011_2014_purgees,TNN2,2,389031,0.995725631621
annees_2011_2014_purgees,3009,1,389045,0.995761464649
annees_2011_2014_purgees,2822,0,389059,0.995797297678
annees_2011_2014_purgees,TEQ1,2,389073,0.995833130706
annees_2011_2014_purgees,TMP3,0,389087,0.995868963734
annees_2011_2014_purgees,TRD2,0,389101,0.995904796763
annees_2011_2014_purgees,TCM2,1,389115,0.995940629791
annees_2011_2014_purgees,TOJ1,3,389129,0.995976462819
annees_2011_2014_purgees,TOD2,1,389143,0.996012295848
annees_2011_2014_purgees,5735,1,389157,0.996048128876
annees_2011_2014_purgees,2456,0,389170,0.996081402402
annees_2011_2014_purgees,TSP2,2,389183,0.996114675929
annees_2011_2014_purgees,4104,0,389196,0.996147949455
annees_2011_2014_purgees,2768,0,389209,0.996181222981
annees_2011_2014_purgees,3005,2,389222,0.996214496508
annees_2011_2014_purgees,TRS1,0,389235,0.996247770034
annees_2011_2014_purgees,TAR1,3,389248,0.99628104356
annees_2011_2014_purgees,TTH4,2,389261,0.996314317086
annees_2011_2014_purgees,2813,1,389274,0.996347590613
annees_2011_2014_purgees,2821,0,389286,0.996378304637
annees_2011_2014_purgees,TAT1,3,389298,0.996409018661
annees_2011_2014_purgees,TTU1,1,389310,0.996439732686
annees_2011_2014_purgees,TOF3,0,389322,0.99647044671
annees_2011_2014_purgees,TMD3,1,389334,0.996501160734
annees_2011_2014_purgees,2611,2,389346,0.996531874758
annees_2011_2014_purgees,5910,0,389358,0.996562588783
annees_2011_2014_purgees,TCG2,2,389369,0.996590743305
annees_2011_2014_purgees,TPH2,1,389380,0.996618897827
annees_2011_2014_purgees,TPH2,0,389391,0.996647052349
annees_2011_2014_purgees,TOJ3,1,389402,0.996675206872
annees_2011_2014_purgees,2319,1,389413,0.996703361394
annees_2011_2014_purgees,TSP1,1,389424,0.996731515916
annees_2011_2014_purgees,TSE1,3,389435,0.996759670439
annees_2011_2014_purgees,TTU2,0,389446,0.996787824961
annees_2011_2014_purgees,TOA1,1,389457,0.996815979483
annees_2011_2014_purgees,TAD2,0,389468,0.996844134005
annees_2011_2014_purgees,TAJ4,2,389479,0.996872288528
annees_2011_2014_purgees,TTA4,2,389489,0.996897883548
annees_2011_2014_purgees,TPC1,2,389499,0.996923478568
annees_2011_2014_purgees,TOK3,1,389509,0.996949073588
annees_2011_2014_purgees,TAS1,0,389519,0.996974668608
annees_2011_2014_purgees,TMB1,1,389529,0.997000263629
annees_2011_2014_purgees,2457,1,389539,0.997025858649
annees_2011_2014_purgees,TCF1,3,389549,0.997051453669
annees_2011_2014_purgees,TOK2,2,389559,0.997077048689
annees_2011_2014_purgees,TOK3,0,389569,0.99710264371
annees_2011_2014_purgees,2642,0,389579,0.99712823873
annees_2011_2014_purgees,TOA1,0,389589,0.99715383375
annees_2011_2014_purgees,TRL1,2,389599,0.99717942877
annees_2011_2014_purgees,TSC1,2,389609,0.997205023791
annees_2011_2014_purgees,TSC2,0,389619,0.997230618811
annees_2011_2014_purgees,2767,0,389629,0.997256213831
annees_2011_2014_purgees,2803,0,389638,0.997279249349
annees_2011_2014_purgees,3001,3,389647,0.997302284867
annees_2011_2014_purgees,3133,0,389656,0.997325320386
annees_2011_2014_purgees,2657,2,389665,0.997348355904
annees_2011_2014_purgees,4207,2,389674,0.997371391422
annees_2011_2014_purgees,4301,1,389683,0.99739442694
annees_2011_2014_purgees,2657,1,389692,0.997417462459
annees_2011_2014_purgees,TTT2,3,389701,0.997440497977
annees_2011_2014_purgees,TOD1,2,389710,0.997463533495
annees_2011_2014_purgees,TOP1,2,389719,0.997486569013
annees_2011_2014_purgees,TSE2,2,389728,0.997509604531
annees_2011_2014_purgees,5920,0,389737,0.99753264005
annees_2011_2014_purgees,TCB1,1,389746,0.997555675568
annees_2011_2014_purgees,TCJ3,2,389755,0.997578711086
annees_2011_2014_purgees,2430,2,389763,0.997599187102
annees_2011_2014_purgees,TRD2,1,389771,0.997619663118
annees_2011_2014_purgees,TOC1,0,389779,0.997640139135
annees_2011_2014_purgees,3002,2,389787,0.997660615151
annees_2011_2014_purgees,TON1,2,389795,0.997681091167
annees_2011_2014_purgees,2602,1,389803,0.997701567183
annees_2011_2014_purgees,0550,1,389811,0.997722043199
annees_2011_2014_purgees,2804,2,389819,0.997742519215
annees_2011_2014_purgees,1326,2,389827,0.997762995232
annees_2011_2014_purgees,TMM1,2,389835,0.997783471248
annees_2011_2014_purgees,TMP2,2,389843,0.997803947264
annees_2011_2014_purgees,0423,0,389851,0.99782442328
annees_2011_2014_purgees,3123,0,389859,0.997844899296
annees_2011_2014_purgees,TSC2,1,389867,0.997865375313
annees_2011_2014_purgees,0221,0,389875,0.997885851329
annees_2011_2014_purgees,TCE2,2,389883,0.997906327345
annees_2011_2014_purgees,TTH3,3,389891,0.997926803361
annees_2011_2014_purgees,TTT3,3,389899,0.997947279377
annees_2011_2014_purgees,TEB1,0,389906,0.997965195891
annees_2011_2014_purgees,TMH2,3,389913,0.997983112406
annees_2011_2014_purgees,TPU1,0,389920,0.99800102892
annees_2011_2014_purgees,0550,0,389927,0.998018945434
annees_2011_2014_purgees,2802,0,389934,0.998036861948
annees_2011_2014_purgees,TRN1,0,389941,0.998054778462
annees_2011_2014_purgees,TRN3,0,389948,0.998072694976
annees_2011_2014_purgees,TTG1,3,389955,0.998090611491
annees_2011_2014_purgees,TTM1,3,389962,0.998108528005
annees_2011_2014_purgees,TCM3,0,389969,0.998126444519
annees_2011_2014_purgees,TCS1,3,389976,0.998144361033
annees_2011_2014_purgees,5710,0,389983,0.998162277547
annees_2011_2014_purgees,5715,2,389990,0.998180194061
annees_2011_2014_purgees,TAS1,2,389997,0.998198110576
annees_2011_2014_purgees,TCE3,1,390004,0.99821602709
annees_2011_2014_purgees,TOH2,1,390010,0.998231384102
annees_2011_2014_purgees,TTA2,3,390016,0.998246741114
annees_2011_2014_purgees,TRC3,1,390022,0.998262098126
annees_2011_2014_purgees,2717,2,390028,0.998277455138
annees_2011_2014_purgees,2023,1,390034,0.99829281215
annees_2011_2014_purgees,4109,0,390040,0.998308169163
annees_2011_2014_purgees,3256,3,390046,0.998323526175
annees_2011_2014_purgees,2432,3,390052,0.998338883187
annees_2011_2014_purgees,2621,1,390058,0.998354240199
annees_2011_2014_purgees,2812,0,390064,0.998369597211
annees_2011_2014_purgees,1506,0,390070,0.998384954223
annees_2011_2014_purgees,TMP3,1,390076,0.998400311235
annees_2011_2014_purgees,TOC1,1,390082,0.998415668248
annees_2011_2014_purgees,2650,1,390088,0.99843102526
annees_2011_2014_purgees,2719,2,390094,0.998446382272
annees_2011_2014_purgees,TRD1,1,390099,0.998459179782
annees_2011_2014_purgees,TRS1,1,390104,0.998471977292
annees_2011_2014_purgees,TSE3,2,390109,0.998484774802
annees_2011_2014_purgees,2813,2,390114,0.998497572312
annees_2011_2014_purgees,2631,1,390119,0.998510369822
annees_2011_2014_purgees,TPH3,0,390124,0.998523167333
annees_2011_2014_purgees,TAT2,3,390129,0.998535964843
annees_2011_2014_purgees,TCH1,1,390134,0.998548762353
annees_2011_2014_purgees,1252,1,390139,0.998561559863
annees_2011_2014_purgees,2823,2,390144,0.998574357373
annees_2011_2014_purgees,TPC3,1,390149,0.998587154883
annees_2011_2014_purgees,TAT3,2,390154,0.998599952393
annees_2011_2014_purgees,6012,2,390159,0.998612749903
annees_2011_2014_purgees,2822,2,390164,0.998625547413
annees_2011_2014_purgees,5855,0,390169,0.998638344924
annees_2011_2014_purgees,TNJ1,3,390174,0.998651142434
annees_2011_2014_purgees,0650,2,390179,0.998663939944
annees_2011_2014_purgees,2730,0,390184,0.998676737454
annees_2011_2014_purgees,0221,1,390189,0.998689534964
annees_2011_2014_purgees,2335,2,390194,0.998702332474
annees_2011_2014_purgees,TMD1,3,390199,0.998715129984
annees_2011_2014_purgees,3165,0,390204,0.998727927494
annees_2011_2014_purgees,2455,1,390209,0.998740725005
annees_2011_2014_purgees,1412,2,390214,0.998753522515
annees_2011_2014_purgees,1461,0,390219,0.998766320025
annees_2011_2014_purgees,3125,2,390224,0.998779117535
annees_2011_2014_purgees,2700,2,390228,0.998789355543
annees_2011_2014_purgees,TTU2,1,390232,0.998799593551
annees_2011_2014_purgees,TTM2,2,390236,0.998809831559
annees_2011_2014_purgees,TPG2,3,390240,0.998820069567
annees_2011_2014_purgees,2641,0,390244,0.998830307575
annees_2011_2014_purgees,0211,1,390248,0.998840545583
annees_2011_2014_purgees,TRS2,2,390252,0.998850783592
annees_2011_2014_purgees,TAR2,3,390256,0.9988610216
annees_2011_2014_purgees,2643,0,390260,0.998871259608
annees_2011_2014_purgees,2803,2,390264,0.998881497616
annees_2011_2014_purgees,TSP3,2,390268,0.998891735624
annees_2011_2014_purgees,TAD2,1,390272,0.998901973632
annees_2011_2014_purgees,1561,2,390276,0.99891221164
annees_2011_2014_purgees,2460,2,390280,0.998922449648
annees_2011_2014_purgees,2002,1,390284,0.998932687656
annees_2011_2014_purgees,1461,1,390288,0.998942925664
annees_2011_2014_purgees,3007,0,390292,0.998953163672
annees_2011_2014_purgees,4108,1,390296,0.998963401681
annees_2011_2014_purgees,TCA1,2,390300,0.998973639689
annees_2011_2014_purgees,2004,1,390304,0.998983877697
annees_2011_2014_purgees,TCD1,0,390308,0.998994115705
annees_2011_2014_purgees,TMD3,2,390312,0.999004353713
annees_2011_2014_purgees,TMA3,2,390316,0.999014591721
annees_2011_2014_purgees,1316,2,390320,0.999024829729
annees_2011_2014_purgees,3126,1,390324,0.999035067737
annees_2011_2014_purgees,TNN1,3,390328,0.999045305745
annees_2011_2014_purgees,TCG1,3,390332,0.999055543753
annees_2011_2014_purgees,1251,2,390336,0.999065781762
annees_2011_2014_purgees,3130,1,390340,0.99907601977
annees_2011_2014_purgees,3132,0,390344,0.999086257778
annees_2011_2014_purgees,TTH4,3,390347,0.999093936284
annees_2011_2014_purgees,2649,2,390350,0.99910161479
annees_2011_2014_purgees,TCH2,1,390353,0.999109293296
annees_2011_2014_purgees,1506,1,390356,0.999116971802
annees_2011_2014_purgees,TSC3,1,390359,0.999124650308
annees_2011_2014_purgees,4223,1,390362,0.999132328814
annees_2011_2014_purgees,0221,2,390365,0.99914000732
annees_2011_2014_purgees,TMP1,3,390368,0.999147685826
annees_2011_2014_purgees,TSP4,1,390371,0.999155364332
annees_2011_2014_purgees,3129,1,390374,0.999163042838
annees_2011_2014_purgees,TMD2,3,390377,0.999170721344
annees_2011_2014_purgees,2661,2,390380,0.999178399851
annees_2011_2014_purgees,5855,1,390383,0.999186078357
annees_2011_2014_purgees,TTT1,3,390386,0.999193756863
annees_2011_2014_purgees,0211,0,390389,0.999201435369
annees_2011_2014_purgees,TOP2,2,390392,0.999209113875
annees_2011_2014_purgees,0340,1,390395,0.999216792381
annees_2011_2014_purgees,2459,2,390398,0.999224470887
annees_2011_2014_purgees,2814,1,390401,0.999232149393
annees_2011_2014_purgees,4122,1,390404,0.999239827899
annees_2011_2014_purgees,2603,0,390407,0.999247506405
annees_2011_2014_purgees,TOA1,2,390410,0.999255184911
annees_2011_2014_purgees,TPU1,1,390413,0.999262863417
annees_2011_2014_purgees,TPH1,2,390416,0.999270541923
annees_2011_2014_purgees,0550,2,390419,0.999278220429
annees_2011_2014_purgees,0540,1,390422,0.999285898936
annees_2011_2014_purgees,TOD3,0,390425,0.999293577442
annees_2011_2014_purgees,4348,1,390428,0.999301255948
annees_2011_2014_purgees,TOD2,2,390431,0.999308934454
annees_2011_2014_purgees,TRD1,0,390434,0.99931661296
annees_2011_2014_purgees,4132,0,390437,0.999324291466
annees_2011_2014_purgees,2437,1,390440,0.999331969972
annees_2011_2014_purgees,TAJ3,3,390443,0.999339648478
annees_2011_2014_purgees,TOC2,0,390446,0.999347326984
annees_2011_2014_purgees,TRN2,0,390449,0.99935500549
annees_2011_2014_purgees,1252,0,390451,0.999360124494
annees_2011_2014_purgees,1253,0,390453,0.999365243498
annees_2011_2014_purgees,2212,0,390455,0.999370362502
annees_2011_2014_purgees,1253,1,390457,0.999375481506
annees_2011_2014_purgees,0200,1,390459,0.99938060051
annees_2011_2014_purgees,0640,2,390461,0.999385719514
annees_2011_2014_purgees,1253,2,390463,0.999390838518
annees_2011_2014_purgees,1312,2,390465,0.999395957523
annees_2011_2014_purgees,1451,2,390467,0.999401076527
annees_2011_2014_purgees,1313,0,390469,0.999406195531
annees_2011_2014_purgees,2437,2,390471,0.999411314535
annees_2011_2014_purgees,1315,1,390473,0.999416433539
annees_2011_2014_purgees,2642,1,390475,0.999421552543
annees_2011_2014_purgees,2458,2,390477,0.999426671547
annees_2011_2014_purgees,2257,2,390479,0.999431790551
annees_2011_2014_purgees,2456,1,390481,0.999436909555
annees_2011_2014_purgees,0012,1,390483,0.999442028559
annees_2011_2014_purgees,TCJ1,3,390485,0.999447147563
annees_2011_2014_purgees,3009,2,390487,0.999452266567
annees_2011_2014_purgees,TPG1,3,390489,0.999457385571
annees_2011_2014_purgees,3121,3,390491,0.999462504575
annees_2011_2014_purgees,TAU2,3,390493,0.999467623579
annees_2011_2014_purgees,TPC2,2,390495,0.999472742583
annees_2011_2014_purgees,TOT2,1,390497,0.999477861587
annees_2011_2014_purgees,TNJ4,2,390499,0.999482980591
annees_2011_2014_purgees,TOT1,1,390501,0.999488099595
annees_2011_2014_purgees,3133,1,390503,0.999493218599
annees_2011_2014_purgees,TAR3,3,390505,0.999498337603
annees_2011_2014_purgees,TTU2,2,390507,0.999503456607
annees_2011_2014_purgees,3143,0,390509,0.999508575612
annees_2011_2014_purgees,TAD1,2,390511,0.999513694616
annees_2011_2014_purgees,TOJ3,2,390513,0.99951881362
annees_2011_2014_purgees,5930,0,390515,0.999523932624
annees_2011_2014_purgees,4116,1,390517,0.999529051628
annees_2011_2014_purgees,4122,0,390519,0.999534170632
annees_2011_2014_purgees,4132,1,390521,0.999539289636
annees_2011_2014_purgees,5920,1,390523,0.99954440864
annees_2011_2014_purgees,TOH1,2,390525,0.999549527644
annees_2011_2014_purgees,4323,2,390527,0.999554646648
annees_2011_2014_purgees,TOF1,3,390529,0.999559765652
annees_2011_2014_purgees,5910,1,390531,0.999564884656
annees_2011_2014_purgees,TOD3,2,390533,0.99957000366
annees_2011_2014_purgees,TOD3,1,390535,0.999575122664
annees_2011_2014_purgees,TOC2,1,390537,0.999580241668
annees_2011_2014_purgees,5725,2,390539,0.999585360672
annees_2011_2014_purgees,5865,1,390541,0.999590479676
annees_2011_2014_purgees,5845,2,390543,0.99959559868
annees_2011_2014_purgees,5845,1,390545,0.999600717684
annees_2011_2014_purgees,TNJ2,3,390547,0.999605836688
annees_2011_2014_purgees,TCE2,3,390549,0.999610955692
annees_2011_2014_purgees,TSP1,2,390551,0.999616074697
annees_2011_2014_purgees,TEB2,2,390553,0.999621193701
annees_2011_2014_purgees,2766,0,390555,0.999626312705
annees_2011_2014_purgees,TRS3,3,390557,0.999631431709
annees_2011_2014_purgees,TRN2,1,390559,0.999636550713
annees_2011_2014_purgees,TMH1,3,390561,0.999641669717
annees_2011_2014_purgees,TRN1,2,390563,0.999646788721
annees_2011_2014_purgees,2802,2,390565,0.999651907725
annees_2011_2014_purgees,2812,2,390567,0.999657026729
annees_2011_2014_purgees,2813,0,390569,0.999662145733
annees_2011_2014_purgees,2814,0,390571,0.999667264737
annees_2011_2014_purgees,2815,0,390573,0.999672383741
annees_2011_2014_purgees,TTG3,2,390575,0.999677502745
annees_2011_2014_purgees,TRD4,1,390577,0.999682621749
annees_2011_2014_purgees,TTG4,1,390579,0.999687740753
annees_2011_2014_purgees,TEB4,1,390581,0.999692859757
annees_2011_2014_purgees,TCJ2,3,390583,0.999697978761
annees_2011_2014_purgees,3002,3,390585,0.999703097765
annees_2011_2014_purgees,2658,0,390587,0.999708216769
annees_2011_2014_purgees,TEB1,1,390589,0.999713335773
annees_2011_2014_purgees,TNN3,3,390590,0.999715895275
annees_2011_2014_purgees,TCP1,2,390591,0.999718454777
annees_2011_2014_purgees,TCJ4,2,390592,0.999721014279
annees_2011_2014_purgees,TNN3,2,390593,0.999723573781
annees_2011_2014_purgees,TEB1,2,390594,0.999726133284
annees_2011_2014_purgees,TEB2,1,390595,0.999728692786
annees_2011_2014_purgees,TNN2,3,390596,0.999731252288
annees_2011_2014_purgees,TEB3,1,390597,0.99973381179
annees_2011_2014_purgees,1326,3,390598,0.999736371292
annees_2011_2014_purgees,TEB3,2,390599,0.999738930794
annees_2011_2014_purgees,TEQ2,2,390600,0.999741490296
annees_2011_2014_purgees,1353,0,390601,0.999744049798
annees_2011_2014_purgees,2650,2,390602,0.9997466093
annees_2011_2014_purgees,TOC1,2,390603,0.999749168802
annees_2011_2014_purgees,1313,1,390604,0.999751728304
annees_2011_2014_purgees,0031,0,390605,0.999754287806
annees_2011_2014_purgees,TTU1,2,390606,0.999756847308
annees_2011_2014_purgees,0211,2,390607,0.99975940681
annees_2011_2014_purgees,TTA4,3,390608,0.999761966312
annees_2011_2014_purgees,TTA3,3,390609,0.999764525814
annees_2011_2014_purgees,TSP2,3,390610,0.999767085316
annees_2011_2014_purgees,TSC2,2,390611,0.999769644818
annees_2011_2014_purgees,0422,1,390612,0.99977220432
annees_2011_2014_purgees,TRD4,0,390613,0.999774763822
annees_2011_2014_purgees,0430,2,390614,0.999777323324
annees_2011_2014_purgees,TRC4,0,390615,0.999779882826
annees_2011_2014_purgees,0540,0,390616,0.999782442328
annees_2011_2014_purgees,TPH3,1,390617,0.99978500183
annees_2011_2014_purgees,TPH2,2,390618,0.999787561332
annees_2011_2014_purgees,TPG4,3,390619,0.999790120834
annees_2011_2014_purgees,TPG4,2,390620,0.999792680336
annees_2011_2014_purgees,TPC2,3,390621,0.999795239838
annees_2011_2014_purgees,TOT1,2,390622,0.99979779934
annees_2011_2014_purgees,0650,3,390623,0.999800358842
annees_2011_2014_purgees,TOP2,3,390624,0.999802918344
annees_2011_2014_purgees,TON2,2,390625,0.999805477846
annees_2011_2014_purgees,TOK2,3,390626,0.999808037348
annees_2011_2014_purgees,TOK1,3,390627,0.99981059685
annees_2011_2014_purgees,TCH1,2,390628,0.999813156352
annees_2011_2014_purgees,TOH2,2,390629,0.999815715854
annees_2011_2014_purgees,TOH1,3,390630,0.999818275356
annees_2011_2014_purgees,TOF2,2,390631,0.999820834858
annees_2011_2014_purgees,TOJ2,3,390632,0.99982339436
annees_2011_2014_purgees,2017,0,390633,0.999825953862
annees_2011_2014_purgees,TCG3,2,390634,0.999828513364
annees_2011_2014_purgees,3112,0,390635,0.999831072866
annees_2011_2014_purgees,2821,2,390636,0.999833632368
annees_2011_2014_purgees,2822,3,390637,0.999836191871
annees_2011_2014_purgees,3003,2,390638,0.999838751373
annees_2011_2014_purgees,3005,3,390639,0.999841310875
annees_2011_2014_purgees,2458,3,390640,0.999843870377
annees_2011_2014_purgees,3010,0,390641,0.999846429879
annees_2011_2014_purgees,3122,2,390642,0.999848989381
annees_2011_2014_purgees,TCG3,1,390643,0.999851548883
annees_2011_2014_purgees,3123,2,390644,0.999854108385
annees_2011_2014_purgees,3126,0,390645,0.999856667887
annees_2011_2014_purgees,3127,0,390646,0.999859227389
annees_2011_2014_purgees,3128,2,390647,0.999861786891
annees_2011_2014_purgees,3132,1,390648,0.999864346393
annees_2011_2014_purgees,3141,0,390649,0.999866905895
annees_2011_2014_purgees,2817,2,390650,0.999869465397
annees_2011_2014_purgees,2817,0,390651,0.999872024899
annees_2011_2014_purgees,2815,1,390652,0.999874584401
annees_2011_2014_purgees,2801,3,390653,0.999877143903
annees_2011_2014_purgees,2768,1,390654,0.999879703405
annees_2011_2014_purgees,2622,1,390655,0.999882262907
annees_2011_2014_purgees,2767,2,390656,0.999884822409
annees_2011_2014_purgees,2753,3,390657,0.999887381911
annees_2011_2014_purgees,2641,1,390658,0.999889941413
annees_2011_2014_purgees,2749,1,390659,0.999892500915
annees_2011_2014_purgees,2724,2,390660,0.999895060417
annees_2011_2014_purgees,2719,3,390661,0.999897619919
annees_2011_2014_purgees,2643,1,390662,0.999900179421
annees_2011_2014_purgees,2665,2,390663,0.999902738923
annees_2011_2014_purgees,2665,1,390664,0.999905298425
annees_2011_2014_purgees,2658,2,390665,0.999907857927
annees_2011_2014_purgees,2658,1,390666,0.999910417429
annees_2011_2014_purgees,3141,1,390667,0.999912976931
annees_2011_2014_purgees,2452,2,390668,0.999915536433
annees_2011_2014_purgees,4104,1,390669,0.999918095935
annees_2011_2014_purgees,2023,2,390670,0.999920655437
annees_2011_2014_purgees,TCG2,3,390671,0.999923214939
annees_2011_2014_purgees,1562,2,390672,0.999925774441
annees_2011_2014_purgees,TCD2,0,390673,0.999928333943
annees_2011_2014_purgees,2001,2,390674,0.999930893445
annees_2011_2014_purgees,TCD1,1,390675,0.999933452947
annees_2011_2014_purgees,2003,1,390676,0.999936012449
annees_2011_2014_purgees,TCA1,3,390677,0.999938571951
annees_2011_2014_purgees,2012,0,390678,0.999941131453
annees_2011_2014_purgees,2012,1,390679,0.999943690955
annees_2011_2014_purgees,2013,1,390680,0.999946250458
annees_2011_2014_purgees,2014,2,390681,0.99994880996
annees_2011_2014_purgees,2017,1,390682,0.999951369462
annees_2011_2014_purgees,2017,2,390683,0.999953928964
annees_2011_2014_purgees,2022,1,390684,0.999956488466
annees_2011_2014_purgees,TAU1,3,390685,0.999959047968
annees_2011_2014_purgees,2450,0,390686,0.99996160747
annees_2011_2014_purgees,TAD2,2,390687,0.999964166972
annees_2011_2014_purgees,2258,1,390688,0.999966726474
annees_2011_2014_purgees,2319,2,390689,0.999969285976
annees_2011_2014_purgees,5745,1,390690,0.999971845478
annees_2011_2014_purgees,2335,3,390691,0.99997440498
annees_2011_2014_purgees,4437,3,390692,0.999976964482
annees_2011_2014_purgees,4328,2,390693,0.999979523984
annees_2011_2014_purgees,4328,1,390694,0.999982083486
annees_2011_2014_purgees,4328,0,390695,0.999984642988
annees_2011_2014_purgees,4327,1,390696,0.99998720249
annees_2011_2014_purgees,4301,2,390697,0.999989761992
annees_2011_2014_purgees,4207,3,390698,0.999992321494
annees_2011_2014_purgees,4115,2,390699,0.999994880996
annees_2011_2014_purgees,4112,1,390700,0.999997440498
annees_2011_2014_purgees,TTU2,3,390701,1.0
