,ident,period,c_cir_2011,echelon,grade
0,1298,2011-03-25,TTH1,9,793
4,1763,2011-03-25,TTH1,8,793
14,1976,2011-03-25,TTH1,8,793
22,2513,2011-03-25,TTH1,9,793
34,2589,2011-03-25,TTH1,9,793
38,3283,2011-03-25,TTH1,11,793
50,8292,2011-03-25,TTH1,11,793
62,11664,2011-03-25,TTH1,11,793
74,11962,2011-03-25,TTH1,10,793
83,12480,2011-03-25,TTH1,8,793
94,14334,2011-03-25,TTH1,9,793
105,14394,2011-03-25,TTH1,8,793
109,14644,2011-03-25,TTH1,11,793
117,16299,2011-03-25,TTH1,11,793
129,16853,2011-03-25,TTH1,5,793
135,17697,2011-03-25,TTH1,8,793
146,20255,2011-03-25,TTH1,11,793
154,20312,2011-03-25,TTH1,10,793
164,20569,2011-03-25,TTH1,11,793
176,22439,2011-03-25,TTH1,8,793
186,24336,2011-03-25,TTH1,11,793
198,24663,2011-03-25,TTH1,5,793
202,24871,2011-03-25,TTH1,5,793
206,25715,2011-03-25,TTH1,11,793
220,28685,2011-03-25,TTH1,5,793
227,28723,2011-03-25,TTH1,11,793
241,28824,2011-03-25,TTH1,8,793
253,31885,2011-03-25,TTH1,6,793
260,33174,2011-03-25,TTH1,11,793
268,33441,2011-03-25,TTH1,9,793
279,33505,2011-03-25,TTH1,11,793
291,34168,2011-03-25,TTH1,7,793
298,35137,2011-03-25,TTH1,8,793
306,35541,2011-03-25,TTH1,11,793
318,35699,2011-03-25,TTH1,5,793
322,35976,2011-03-25,TTH1,9,793
334,36529,2011-03-25,TTH1,10,793
344,40474,2011-03-25,TTH1,9,793
352,40780,2011-03-25,TTH1,9,793
358,41550,2011-03-25,TTH1,10,793
367,42726,2011-03-25,TTH1,9,793
375,43936,2011-03-25,TTH1,11,793
387,44305,2011-03-25,TTH1,10,793
399,44432,2011-03-25,TTH1,11,793
411,45644,2011-03-25,TTH1,10,793
421,45803,2011-03-25,TTH1,11,793
429,49194,2011-03-25,TTH1,9,793
437,50174,2011-03-25,TTH1,11,793
455,50463,2011-03-25,TTH1,6,793
461,50654,2011-03-25,TTH1,9,793
